番号,title,磁力链接,本地库有结果
ADN-687,ADN-687 [新模型无码破解]人妻无法忍受丈夫介绍按摩师对她的猥亵，最终乞求发生性关系。白峰ミウ,magnet:?xt=urn:btih:0ECA4E29B9C32439EAED4C93A54C1970400E45E2,否
ADN-663,ADN-663 [新模型无码破解]用肉棒征服邻居的空虚人妻即使在夏日的白天满身是汗也要偷情做爱 白峰美羽,magnet:?xt=urn:btih:0554305783EE1E5D68DD66182542A7E69E20A8F5,否
ABP-968,ABP-968 [新模型无码破解]空灵美少女凉森玲梦人生初次中出解禁穿着Cosplay服装接受让她受孕的精液,magnet:?xt=urn:btih:13754D10E20B8ADBC66C9DD4529D5B7517C446AF,是
ABP-320,ABP-320 [新模型无码破解]高贵的美女大小姐冬月枫下流的猥亵饲养-冬月かえで,magnet:?xt=urn:btih:3B81486354CE107FFD1E108B99198AFC45FE8F7A,是
MIMK-267,MIMK-267 [新模型无码破解]经典漫改 累计销量突破800万部 只想交欢的年纪 同窗会篇 石川澪,magnet:?xt=urn:btih:2F3D973F868466CF8579222D1090466243DBC27F,否
MIKR-084,MIKR-084 [新模型无码破解]真的选我也可以吗 像我这样的老阿姨 汗流浃背的兼职不伦私通 佐佐木明希,magnet:?xt=urn:btih:5048C77EBAC0EEA58C06D56D05EFC73691428559,否
FNS-193,FNS-193 [新模型无码破解]女总裁被年下男属下看穿内心空虚 从此办公室沦为床房 明里紬,magnet:?xt=urn:btih:40006B04B7BEAFE49B976208E68CA90B69C319DA,否
DLDSS-483,DLDSS-483 [新模型无码破解]好胜心强的母亲 我来把她变成女人 美乃雀,magnet:?xt=urn:btih:F7572E2C182B8676B0810A7BF85F06775F21189B,否
ABF-343,ABF-343 [新模型无码破解]沉溺于我的顶级尤物 纯男性主导无避孕内射性爱 八掛海,magnet:?xt=urn:btih:29B7FAE6AF33B96E3226412A0A1A3C7F53FAA4CB,否
ABW-108,ABW-108 [新模型无码破解] 顶级痴女系列，5套制服，肉丝OL+洗车小妹+女仆+裸腿高跟，涼森玲夢,magnet:?xt=urn:btih:15B015967249CEEBBB454ADFBEE2AF9E35B6DC37,否
ABW-087,ABW-087 [新模型无码破解]最压抑的NTR郁勃起视频 心爱女友被丑陋大叔睡走并彻底摧毁 凉森玲梦,magnet:?xt=urn:btih:AE47429D3B6D2731187E9B22474BA928287A1EB5,是
SNOS-150,SNOS-150 [新模型无码破解]黑丝美腿体育主播无法拒绝电视台将她指派给当红格斗家 明日叶三叶,magnet:?xt=urn:btih:DEF90331AC471B7A709BD1E6A6BBAC9D31B048A6,否
ABP-317,ABP-317 [新模型无码破解]极上笔-上原瑞穂,magnet:?xt=urn:btih:D5AA39E95B582A826660882173F4EC3E056EF742,否
ABF-226,ABF-226 [新模型无码破解]尊贵专属女演员以甜美而色情的方式挑逗男人的乳头 射精后继续玩弄 凉森铃梦,magnet:?xt=urn:btih:61B4E10A6F1B3C5EEF85B87CBAC57DD55BDFADB8,否
ABF-225,ABF-225 [新模型无码破解]因公司的行为过失，女公公关制服去甲方道歉寻求谅解，从而被调教、中出。鈴村あいり,magnet:?xt=urn:btih:6AD0866F178399966E43F41775070FDA610C0664,否
ABF-217,ABF-217 [新模型无码破解]一边健身一边做爱，色情过度的小恶魔教练 涼森玲夢,magnet:?xt=urn:btih:EDAEA206BA4E3F6441290E633F50FD872E816C38,否
ABF-179,ABF-179 [新模型无码破解]从出道到走红秀丽端庄不摆架势 是S与M的混合型 凉森玲梦,magnet:?xt=urn:btih:CDFD6764E95D7DD7C743362E3BD71AD09BAAACDE,否
ABF-168,ABF-168 [新模型无码破解]与涼森铃梦共度一夜的超高级约会俱乐部-傻梦破解计划,magnet:?xt=urn:btih:7688772292A0C9CDA2AC04F41326D6240840CACD,否
SNOS-167,SNOS-167 [新模型无码破解]逐梦封面女郎的她 和客户的温泉之旅 被大牌艺人睡了 紫堂留衣,magnet:?xt=urn:btih:F3E5E3845B2519633BD9F5EEB0BB592A690837BA,否
IPZZ-795,IPZZ-795 [新模型无码破解]妻子死后 以前照顾过的两个小女孩反过来照顾我 樱乃梨乃 佐佐木紗希,magnet:?xt=urn:btih:A99A8B9076A3407572A878106E15427FE857F3A3,否
DVAJ-737,DVAJ-737 [新模型无码破解]将加班女上司的阴蒂吮吸殆尽让她堕落 森泽佳奈,magnet:?xt=urn:btih:4F672270E0ABBC01C85C0FAEB029227A21505EA2,否
ABF-159,ABF-159 [新模型无码破解]家里蹲公主也要有个限度！性欲堆积的干物美少女想起了吃肉棒的快感！ 涼森玲梦,magnet:?xt=urn:btih:6B3F0C660AE39143B238C3341C725943C88484EF,否
ABF-153,ABF-153 [新模型无码破解]絕對忠實秘書 八掛海,magnet:?xt=urn:btih:F4D3A3DAA2B7CA1212A1A75EA73606612F572CA6,否
MIDV-965,MIDV-965 [新模型无码破解]庆祝七周年米亚的甜蜜生活，冷淡的她在做爱时却会一边娇喘一边说着-七泽米亚,magnet:?xt=urn:btih:903FA15AF3B7123EC00F2F07640F8DCF37BD763E,否
HMN-446,HMN-446 [新模型无码破解]100cm臀围 淫荡美臀服装5种场景：终极大屁股自慰支撑，诱导精液提取和内射-北野未奈,magnet:?xt=urn:btih:F91B9C9628907731B9589733E46051B2BE60F391,否
DASS-926,DASS-926 [新模型无码破解]毁灭男人的美腿天堂 甘美到极致的足控甜心屋 带着蒸腾连裤袜芬芳 白峰美羽,magnet:?xt=urn:btih:EA7ACB7EE10135818F5B3E34CEF3444F0EA29A38,否
SNOS-148,SNOS-148 [新模型无码破解]黑丝美艳秘书被恶心社长的恶臭唾液舔到高潮，最终彻底堕落沦陷 金松季歩,magnet:?xt=urn:btih:EB93922B68875B20549ECC8C44224313172AB969,否
MRSS-183,MRSS-183 [新模型无码破解]在备孕期间开始打工的妻子 和打工店的店长发生了不伦 小那海绫,magnet:?xt=urn:btih:C64BF4C44CBAE1DE8A5F665048B1F48D21DF8EF0,否
MIDA-578,MIDA-578 [新模型无码破解]心爱未婚夫蒙冤被捕入狱四年 我始终相信并等待着 八木奈奈,magnet:?xt=urn:btih:043A870C060B357C0845A0DDED7A00CCCE47EDCD,否
ACHJ-083,ACHJ-083 [新模型无码破解]究极终极口交 美女巨臀M男专属快感 骑脸美学 神宫寺奈绪,magnet:?xt=urn:btih:BEDB0E113D03B58A60A8BB4F726F0E4656A8E651,否
CAWD-386,CAWD-386 [新模型无码破解] 最上级淫技！肉棒麻木之前的连续射精 会员制男性沙龙 伊藤舞雪 山岸逢花,magnet:?xt=urn:btih:BB55B1974742CFB25EB8FA5C2160484A01C2E50E,否
CAWD-243,CAWD-243 [新模型无码破解]第一次交到女友有点害怕 让姐姐成为我SEX的练习台 激发性欲的数次中出！ 伊藤舞雪,magnet:?xt=urn:btih:6C8180C737135F99D4D83D2E860E15ED6B576109,否
ATID-623,ATID-623 [新模型无码破解]苦恼于无性生活的人妻OL 最后还是被中年部长 那场猛烈 白峰美羽,magnet:?xt=urn:btih:584EE10298C833E8EA86F121B335DB1229123649,否
ATID-590,ATID-590 [新模型无码破解]绝对不能原谅婚外恋的我 却被儿子的大吊足球教练征服了 三宫椿,magnet:?xt=urn:btih:C0E76ABA0A9413205EC33957354208A882C26B5B,否
ATID-567,ATID-567 [新模型无码破解]风俗店里新来的泡泡女郎是隔壁刚搬来的闷骚人妻 三宫椿,magnet:?xt=urn:btih:8FB159EA3A98A33FA88D6FE195EC28EE18E454C4,否
START-548,START-548 [新模型无码破解]深受同事喜爱的院内气氛制造者护士喝下职场暗藏魅力的已婚医生调制的药剂 青空光,magnet:?xt=urn:btih:CDE672624DE1085887FCFE174B347B8CE63D7196,否
START-542,START-542 [新模型无码破解]公司里性格过于严厉的职权骚扰女上司邀请我去喝酒 听她发牢骚后她竟突然大变样 神木丽,magnet:?xt=urn:btih:6D13C46AC12E4C603EF0871486BEB65FE428284D,否
SNOS-177,SNOS-177 [新模型无码破解]头等舱的富裕阶层大叔发现了上等客舱服务员！挑剔到连鸡巴的照料都无微不至 miru,magnet:?xt=urn:btih:47CD5C13A929A03E02840D57B951746391BA5048,否
SNOS-150,SNOS-150 [新模型无码破解]黑丝美腿体育主播无法拒绝电视台将她指派给当红格斗家 被蛮力串刺活塞运动 明日叶三叶,magnet:?xt=urn:btih:5CDE38E781BC2568A1ADBFCB478121E9AA32F1A9,否
JUR-689,JUR-689 [新模型无码破解]串刺轮奸NTR 请把我妻子侵犯到极致吧 新妻优香,magnet:?xt=urn:btih:8D468886439897D586BB1675E992A60C65A8C650,否
ABF-145,ABF-145 [新模型无码破解]绝对忠实的性爱秘书 美之嶋惠理,magnet:?xt=urn:btih:7D810CF83F2728B99621577B47E319521F6F2349,否
ABF-125,ABF-125 [新模型无码破解]总销量突破15万的DL超人气作品真人化 听话的女孩 凉森玲梦,magnet:?xt=urn:btih:0967B0DC6CC3ABF9B74406C2F222443C7567060A,是
MIKR-089,MIKR-089 [新模型无码破解]「用脚侍奉不算出轨哦 主人」 从身后耳边低语 揉捏乳头 以美腿足交锁抱挑逗榨精 森日向子,magnet:?xt=urn:btih:6EE029E788FF8107925F03C52F6B7B245803465F,否
ABF-114,ABF-114 [新模型无码破解]全裸日常 凉森玲梦,magnet:?xt=urn:btih:F5CE39FECC54F748725A8E4AB7D69EA443373FA4,否
ABF-073,ABF-073 [新模型无码破解]爱情酒店清洁工的单纯女孩与失眠症患者 相遇并发生疯狂恋情 凉森玲梦,magnet:?xt=urn:btih:909A9411CE46B19700A4277A4E3090351A88651F,否
MIDV-854,MIDV-854 [新模型无码破解]家庭老师的玲奈 父母不在的一个礼拜 淫语技术逆痴汉 每天被强迫射10发的我 宮下玲奈,magnet:?xt=urn:btih:229950FB9CE00930F753991C6F25E25ED55B3F0E,否
MIDV-791,MIDV-791 [新模型无码破解]丝袜足交 状态极佳，汗流浃背，紧贴着让人欲火焚身的痴女姐姐 宮下玲奈,magnet:?xt=urn:btih:2CB3695F1CB72F7415404477191BDBCA5880E0EF,否
MIDA-598,MIDA-598 [新模型无码破解]究极的美肌纤瘦肉体的质感与绝顶 高画质超特写小穴角度绝顶高潮 宫下玲奈,magnet:?xt=urn:btih:ED04FE31761D552CC3C364871F71691237E84119,否
MIDV-736,MIDV-736 [新模型无码破解]素人童贞的我第一次交到了最棒的女朋友 于是疯狂的投宿温泉纯爱旅行 宮下玲奈,magnet:?xt=urn:btih:80541D7E7ADF1978939ECADC77DA20D6FB81CB21,否
MIDV-700,MIDV-700 [新模型无码破解]在无聊透顶的乡下，我正用湿漉漉的深吻撩拨着邻居大叔，让他兴奋勃起。 宮下玲奈,magnet:?xt=urn:btih:D7E101A2E453480027F533DF73A2023EF6DF7FB0,否
MIDV-611,MIDV-611 [新模型无码破解]被困在黑暗中的黑丝美少女店员，沦为发情店长的专属泄欲肉便器 宫下玲奈,magnet:?xt=urn:btih:CB5610A506CA38FAC067C5E42B395118FE266E8C,否
MIDV-580,MIDV-580 [新模型无码破解]小恶魔美少女帮你打手枪 宫下玲奈,magnet:?xt=urn:btih:0924A4B305760CD577C641BF61017A3BD4217FB5,否
MIDV-549,MIDV-549 [新模型无码破解]整晚的二人独处 朝阳升起前都想一直被宫下玲奈责弄到射精 宫下玲奈,magnet:?xt=urn:btih:4AD9CE490C54BF09D09876FB3AE17531D0BA1EAD,否
MIDV-518,MIDV-518 [新模型无码破解]不要停，就在这三个洞之间循环！宫下玲奈的究极侍奉， 宫下玲奈,magnet:?xt=urn:btih:B0D541AC9E6392F21BD015085635FC5E5A8230EF,否
RBK-130,RBK-130 [新模型无码破解]堕落颓废的东京 被束缚的模特花瓶娇妻 欢迎来到疯狂与倒错漩涡中的SM世界 星宫一花,magnet:?xt=urn:btih:53CA506682EECC19F833CF9F5B8A7C309DE6CB40,否
ABF-339,ABF-339 [新模型无码破解]纵欲过度中出温泉旅馆 对至高纤瘦身材随心所欲 野野浦暖,magnet:?xt=urn:btih:5BDC8BE89212F81C2F420B9FF2B3D6C7D7ECC4C6,否
ABF-336,ABF-336 [新模型无码破解]下町老板娘黏糊糊的诱惑酒吧 全是口爆颜射舌吻的甜蜜诱惑让你沉沦 铃村爱里,magnet:?xt=urn:btih:2FA5264C4AF8E1F73B8F2271552EAE52132312D7,否
SNOS-197,SNOS-197 [新模型无码破解]让客人们都勃起的澡堂独生女 魅力四溢的柔韧身体 枫芙爱,magnet:?xt=urn:btih:096E147D5A31D82FE1239D16D751E84D5A80CBEB,否
SNOS-131,SNOS-131 [新模型无码破解]最强女主也无法承受的极致快感 禁欲・胸部性感开发・挑逗・春药・ 濑户环奈,magnet:?xt=urn:btih:C3DFD51736DB4ADE957E934AFFE30956F6AC1123,否
IPZZ-814,IPZZ-814 [新模型无码破解]超可爱的小恶魔妹妹在脸前零距离汗淋淋贴身痴女诱惑 帮忙撸管的她 佐佐木紗希,magnet:?xt=urn:btih:990B237C82F2FAA308AE5D80EDED06DD2708459B,否
IPZZ-805,IPZZ-805 [新模型无码破解]因过于受男性欢迎而让女上司们嫉妒到发狂 计划了一场强奸联谊 樱空桃,magnet:?xt=urn:btih:8EA2C846F3065B839EC258329E9935403B8850E2,否
ABF-338,ABF-338 [新模型无码破解]专属女优的女上位姿势 榨干你最后一滴精液 铃森玲梦,magnet:?xt=urn:btih:CAABFDAF22715BA6B076B1EED731F0F4B5928F46,否
MIDV-461,MIDV-461 [新模型无码破解]作为班主任的我输给了学生的诱惑 放学后在情趣酒店的数度SEX 宫下玲奈,magnet:?xt=urn:btih:E12F5886737153FE9FE64E03BF97584314E600B2,否
MIDV-432,MIDV-432 [新模型无码破解]在最讨厌的性骚扰中年主管无与伦比的抽插中耻辱哭泣 宫下玲奈,magnet:?xt=urn:btih:D0AD2A12915F77A7FE1CEE120DF0E149AF443375,否
MIDA-559,MIDA-559 [新模型无码破解]憧憬的玲奈前辈被强壮游泳部员轮奸了 宫下玲奈,magnet:?xt=urn:btih:E7EECFA01E21D270D669DBE7370929E720EE90D8,否
SNOS-161,SNOS-161 [新模型无码破解]致力于解决贫困问题的志愿者女大学生 在支援现场体验到性侵害 白上咲花,magnet:?xt=urn:btih:F0CEDFD3119E6402DD929A81F9496879358A046E,否
SNOS-159,SNOS-159 [新模型无码破解]还我生命 性伴游 卖淫 外貌至上文化 观看这段视频 了解女播音员遭受 梦乃爱华,magnet:?xt=urn:btih:2230B1202A984B9059B39AA311E3664923749181,否
ADN-773,ADN-773 [新模型无码破解]女教师的校园露出调教 羞耻的淫乱模样被人看光了 白峰美羽,magnet:?xt=urn:btih:EC31AC56C1CB8AE1A537D0A0A7B8A4C023167CD7,否
MIDV-402,MIDV-402 [新模型无码破解]用药做爱女教师NTR 喜欢的新任玲奈老师被最烂的大肉棒-宫下玲奈,magnet:?xt=urn:btih:9284F7BBE59386815973C34445DDF4F675B89511,是
MIDV-324,MIDV-324 [新模型无码破解]舔舐痴女护士 全身用唇舌清洁 宫下玲奈,magnet:?xt=urn:btih:1F2025B71858651FAFD6945D01AE6889A260D952,否
MIDV-284,MIDV-284 [新模型无码破解]和嚣张傲娇青梅竹马学妹的5天同居生活 宮下玲奈,magnet:?xt=urn:btih:4A802F55A6DFC814336DBE2C6903557C8D6D6F7E,否
MIDV-266,MIDV-266 [新模型无码破解]我喜欢你 被她最好的朋友坦白并在她不在时淹没在性爱中的悲伤 宫下玲奈,magnet:?xt=urn:btih:D15A25244DF61CF6DF2398E5FC5CC421EC9DFEE0,否
MIDV-247,MIDV-247 [新模型无码破解]让我夺走你的处男身吧 全力挑战 4SEX 宮下玲奈,magnet:?xt=urn:btih:D4C868363DBC254AB769A610C031AF6CE8EAD125,否
MIDV-228,MIDV-228 [新模型无码破解]口水满溢 敏感美少女和浓厚大叔的亲吻全套餐 宮下玲奈,magnet:?xt=urn:btih:68BD7144CAD31963C73BE640850AC8035E7FC145,否
MIDV-185,MIDV-185 [新模型无码破解]在上学途中的电车上被痴●集团凌辱的我。剥夺制服女学生行动能力，宮下玲奈,magnet:?xt=urn:btih:C3541725EE45CD8AD633EA91C22F00999600412E,否
MIDV-118,MIDV-118 [新模型无码破解]初次的留宿约会 握着手 接吻 欢笑 忘记时间的浓密SEX 宫下玲奈,magnet:?xt=urn:btih:FFCEFA1ECFC10ACBF3775F93B424922E29532915,否
MIDV-096,MIDV-096 [新模型无码破解]心跳加速 全部都是第一次的3SEX 宮下玲奈,magnet:?xt=urn:btih:2A8E42BE3AF3A7E527DCE1A01681BC2E2AF3A241,否
MIDA-326,MIDA-326 [新模型无码破解] 我讨厌死的变态老师玩弄我敏感的生殖器，最后我尿了……无声的轮奸，从上到下刺穿我。宫下玲奈,magnet:?xt=urn:btih:D51694FDFEC009D4DEFE28694D2524E5FA5AB839,否
MIDA-200,MIDA-200 [新模型无码破解] 我还是屈服于老板白皙美臀年轻妻子的诱惑，目睹了她不穿内裤的肛门 宫下玲奈,magnet:?xt=urn:btih:8CE5AB76D20024AFDD19003B66113FB5163D4CA3,否
MIDA-094,MIDA-094 [新模型无码破解]与垃圾屋异臭大叔同居5天的调教记录：被持续猥亵-宮下玲奈,magnet:?xt=urn:btih:EA80720E48DBDA48D8FD0846FB30945643D2FAE8,否
MIDA-048,MIDA-048 [新模型无码破解] 当超傲慢的妹妹成为只属于我的家庭美容师 宫下玲奈,magnet:?xt=urn:btih:1E47D0B94C6A9A0186CE7CFA5DD99D522622E3D9,否
SNOS-136,SNOS-136 [新模型无码破解]男女二对二喝酒后做爱 激情泳装靓女两人 喜欢射精 射多少发都还想做 七森莉莉 村上悠华,magnet:?xt=urn:btih:FB5469A3A49B5B3F625831FFA2EDA6730B2A7743,否
MIDA-574,MIDA-574 [新模型无码破解]「这真的是最后一次了好吗？拜托了」开始同居后 每天早上男友都在我上班前-石川澪,magnet:?xt=urn:btih:AE7052D13F4176D3181A78DFE46B55E673A54A78,否
ABF-337,ABF-337 [新模型无码破解]在SNS上认识的男人求我睡他老婆 虽然我很为难 但我被她的魅力吸引后马上就答应了 释爱丽丝,magnet:?xt=urn:btih:95D91EBFD159A2A523EEDC4B620E3640786349B2,否
ABF-335,ABF-335 [新模型无码破解]颜射美学 三佳诗,magnet:?xt=urn:btih:D078DB8C98393C3663A106972EE15CDF56A373D8,否
MIAA-466,MIAA-466 [新模型无码破解]为了攻略第一次交到的女朋友，决定和青梅竹马的朋友进行做爱和内射练习 楪可怜,magnet:?xt=urn:btih:30FD8FB6BBF2C361985AB8D8D5008DA2DDB87DC1,是
MEYD-812,MEYD-812 [新模型无码破解]在被囚禁的老公眼前…被下春药用药做愛人妻搜查官 明里紬,magnet:?xt=urn:btih:D7323AEF3CF7936CE71B6CE54868A6912062C0AE,否
MEYD-806,MEYD-806 [新模型无码破解]替身肉便器 为了心爱的老公还债 甘愿成为他人的肉便器在老公面前被人肆意玩弄 明里䌷,magnet:?xt=urn:btih:4A44C0260FC9B9295B826832CB5C5816F0A6203C,否
MEYD-801,MEYD-801 [新模型无码破解]欲求不满的人妻和性欲旺盛大叔致孕的婚外情 明里䌷,magnet:?xt=urn:btih:3946830519C92BA7BFBAB52B0B72727CA65B9C26,否
JUR-237,JUR-237 [新模型无码破解]未婚妻声称纯洁无暇，却以惊人的技巧点燃疑云，那份缠绵中， 明里紬,magnet:?xt=urn:btih:344E79BBF5AE2827A370892B6FF5E9FA181AA3ED,否
JUR-153,JUR-153 [新模型无码破解]只是口交的话 无论多少次都不算出轨吧 耳语诱惑部长 明里紬,magnet:?xt=urn:btih:CFBD51129491611C18E8E28E733D9FDCA17AC5C2,否
JUR-139,JUR-139 [新模型无码破解]求婚前夜我的发小勾引中出做爱 从明天开始拥有双重外遇 明里紬,magnet:?xt=urn:btih:43378FFFD83D09CF014A31702A6B36C1AC0B0B62,否
JUR-020,JUR-020 [新模型无码破解]出差邂逅的人妻空姐紬小姐 酒后冲动的一夜情房间… 却因性爱太合拍沉沦 明里紬,magnet:?xt=urn:btih:A3F077502C0B682B534077C01A72B6FAB6A4E0D7,否
JUQ-907,JUQ-907 [新模型无码破解]与儿子的好友激情做爱-被精力旺盛的年轻人肏到高潮迭起 眀里紬,magnet:?xt=urn:btih:C486819EC135D430FC5600D028399D284DCB507D,否
JUFE-271,JUFE-271 [新模型无码破解]眼镜也遮盖不住骚气的美女OL 无法抑制性欲实拍出道 24歳宅家太久把色情妄想 楪可怜,magnet:?xt=urn:btih:81CE77CBB6BA4916163C02C96A9DDF034A2782E5,否
JUQ-880,JUQ-880 [新模型无码破解]背着妻子和散慢的小姨子快速无套中出 明里紬,magnet:?xt=urn:btih:CBCE40E41BD25A092205BD0E2D8AB8589B8AF8F9,否
JUQ-819,JUQ-819 [新模型无码破解]家政妇明里紬，在清扫的过程中，清晰的欲望被无意暴露，随之而来的是无法抗拒， 明里紬,magnet:?xt=urn:btih:4BF1F8742AA7499BCF23EE4139AF3A340E4E89F0,否
JUQ-775,JUQ-775 [新模型无码破解]睡眠堕落 意识中总是在睡眠的时候 人妻猥亵内射诊疗室 明里紬,magnet:?xt=urn:btih:0EB34CE5018D17BFCCEF7F356A6ABC85FE11F7C0,否
JUQ-757,JUQ-757 [新模型无码破解]婚后的第三年 看到频繁出轨的老婆我愤怒的强行中出了她 明里紬,magnet:?xt=urn:btih:E8E0A2D877E9C995EAAAC1DC708B05CDDDB1D85E,否
JUQ-641,JUQ-641 [新模型无码破解]早晚在温泉旅馆的窝里进行不伦中出性爱 爱液和精液沾满了肢体 明里紬,magnet:?xt=urn:btih:48DDF5A6E84FA772CF484BA31FEA47A7734E2B4A,否
JUQ-587,JUQ-587 [新模型无码破解]Madonna20周年纪念！奇迹梦幻联动连续5个月 第3弹！‘为了家族献出自己的肉体： 楪可怜,magnet:?xt=urn:btih:A1B3B4A737EF4BE44DC6F41189442F8034C1785C,否
JUQ-564,JUQ-564 [新模型无码破解]不能告诉老公的秘密 两天一夜的家庭温泉旅行里我被公公数次中出强奸了 明里紬,magnet:?xt=urn:btih:6D5017712F756C5A544BFABC6BD4E8CA016B553E,否
JUQ-541,JUQ-541 [新模型无码破解]人妻收到了一把备用钥匙 一名独居的男学生毕业前一直在她体内射精 明里䌷,magnet:?xt=urn:btih:B88B256ADA9ECF33171540AA99837911A1D7033A,否
JUQ-471,JUQ-471 [新模型无码破解]偶遇一名学生时代对我性骚扰的老师 从那天起 我就注定要成为一只性宠物 明里紬,magnet:?xt=urn:btih:F88D08691526107866541A4CE9139FE734DFFFCF,否
JUQ-434,JUQ-434 [新模型无码破解]只用了3个小时我的爱妻就被年轻绝伦同时用大屌连续中出16发征服了 明里䌷,magnet:?xt=urn:btih:0FD6BD4D162F432823A26CAA72761E55F037CAB8,否
JUQ-405,JUQ-405 [新模型无码破解]白嫩少妇惨遭小区内讨厌大叔们轮奸灌精的三天两夜 明里紬,magnet:?xt=urn:btih:81121E74CFF2AD45DECA81900742420990922A4E,否
JUQ-370,JUQ-370 [新模型无码破解]随时随地想干就干！邻居把我榨干内射到新婚生活彻底崩坏 明里紬,magnet:?xt=urn:btih:64336E3D366EC0D13FB9884D95A3FF5C69B25B68,否
JUQ-163,JUQ-163 [新模型无码破解]留级生不敌人妻诱惑 终日浸淫于蜗居性爱交缠 明里紬,magnet:?xt=urn:btih:7C46EE001E911F4FA5E7D305BF70EC9ABFFA6870,否
JUQ-138,JUQ-138 [新模型无码破解]与老公做爱后总是被公公接力持续中出 明里紬,magnet:?xt=urn:btih:74EF27AEC36D688A9CAA61051C3533DF54DB2620,否
MIDA-537,MIDA-537 [新模型无码破解]新婚后让做透视泳装模特 乳头被玩弄开发 靠乳头就可以高潮 八木奈奈,magnet:?xt=urn:btih:34C81D4AE53E631B1B5E0D9149444DA2DD265F90,否
IPZZ-652,IPZZ-652 [新模型无码破解]让从小暗恋我的青梅竹马禁欲一个月 趁女友不在时疯狂交合的甜蜜又舒爽的三天 明里紬,magnet:?xt=urn:btih:0CA11738AABF71170E0147EFA3675D7547B743CC,否
IPZZ-599,IPZZ-599 [新模型无码破解]美女痴女的魅惑 发出让人大脑颤抖的淫语 至高自慰协助体验 明里紬,magnet:?xt=urn:btih:E416936C303E171C3FF2553D6360CDD943FD6F58,否
IPZZ-576,IPZZ-576 [新模型无码破解]模特妻子再就业男模摄影肆意玩 明里紬,magnet:?xt=urn:btih:BE38B620C0C8DE6DCC2B79E84FC85F1CA0426B79,否
IPZZ-547,IPZZ-547 [新模型无码破解]无论说什么都会听从 仅限三天时间 扮演美女上司的恋人 成为临时未婚夫 明里紬,magnet:?xt=urn:btih:4BF8886B3A99ECC2335E8B4403AB88FE2D69FB0B,否
IPZZ-525,IPZZ-525 [新模型无码破解]婚礼续摊醉酒后骚女发情狂吃全场男人，精液榨干到最后一滴高潮喷不停 明里紬,magnet:?xt=urn:btih:917F9DCAB8374B9175F429958175D738DF8ED9FC,否
IPZZ-503,IPZZ-503 [新模型无码破解]夏末汗流浃背的性爱：我的表妹已为人妻，她毫无防备的性感魅力让我失去控制 明里紬,magnet:?xt=urn:btih:F134EB49696131BA4A46715FBFAF4C0D62538162,否
IPZZ-479,IPZZ-479 [新模型无码破解]升不了职的社畜大叔 在公司偷偷开了女性风俗店 刚好碰上了女上司 明里紬,magnet:?xt=urn:btih:B5399C99BCF0478D6F413F0A2206C099A64735E8,否
IPZZ-428,IPZZ-428 [新模型无码破解]被猛男肏到崩坏的多情女销售 明里紬,magnet:?xt=urn:btih:26882C0F3561671A96F68887C658C843E8A00F86,否
IPZZ-408,IPZZ-408 [新模型无码破解]总是轻视我的女上司出差时竟与我同房…醉酒后她化身痴女， 明里紬,magnet:?xt=urn:btih:E6E9C05609CF200F20C99DC9D2065AD6D70FC71E,否
IPZZ-389,IPZZ-389 [新模型无码破解]出差住宿勾引同屋处男下属却被暴肏内射一整晚 明里紬,magnet:?xt=urn:btih:72BF40231BE414C4BDCB0267F8E60977B7E6C2E1,否
IPZZ-367,IPZZ-367 [新模型无码破解]退房钱用金钱说服的美丽前台穿着制服丝袜让我畅爽中出 明里紬,magnet:?xt=urn:btih:0ABB5655B37735B9DE77D246CF32ED3B138631E8,否
IPZZ-343,IPZZ-343 [新模型无码破解]当年取走我处男的美女姐姐穿着黑丝回来与我重温旧梦 明里紬,magnet:?xt=urn:btih:FB0BE5DA3A63E4AB7B01C8E7052A9A4EC9737CB0,否
IPZZ-250,IPZZ-250 [新模型无码破解]跟讨厌的男主管出差温泉馆住进同间房 被绝伦大叔一次又一次的中出高潮的我 明里紬,magnet:?xt=urn:btih:479AAAB1CCEC69EB25141E516D52139892FEFBF9,否
IPZZ-228,IPZZ-228 [新模型无码破解]人妻自宅美容院 被大屌邻居强行中出征服的人妻按摩师 明里紬,magnet:?xt=urn:btih:A72348B3282D3303EA406A122392F7F7F075550C,否
IPZZ-105,IPZZ-105 [新模型无码破解]和明里小姐的约会 早中晚无休止做爱内射 明里紬,magnet:?xt=urn:btih:C5CC7E82B638B5A456910D469CEB771E98E7AD5A,否
START-513,START-513 [新模型无码破解]顶级小恶魔痴女的极致诱惑手淫辅助射精慢控 小仓由菜,magnet:?xt=urn:btih:4E2FD3D242AF42488C7E956571A4446E2DC4B202,否
START-483,START-483 [新模型无码破解]美女OL辞职后回家继承澡堂偶遇青梅竹马 身体的契合度完美 小凑四叶,magnet:?xt=urn:btih:075D52A023751BDE4347E766C871B8B50E7C1444,否
SNOS-106,SNOS-106 [新模型无码破解]从太阳升起直到落下 整整8小时处于巅峰状态 金松的阴道简直超乎想象 金松季歩,magnet:?xt=urn:btih:C8BC773BA39CE35230E89EEAFA2F13BA97E520A6,否
MIDA-440,MIDA-440 [新模型无码破解]随时随地都能干的顺从性处理女仆饥渴小穴被猛插狂干 而且敏感度超群 Unpai,magnet:?xt=urn:btih:D1803DBAE2D18A3F1C4D646D2EAE86AC2952832F,否
JUR-671,JUR-671 [新模型无码破解]女囚审讯轮奸:在铁栏之中持续被侵犯 如同地狱般的每一天 椎名由奈,magnet:?xt=urn:btih:64DB8E88861A080F8F0D42BC6FC0FD6D19695D99,否
HMN-817,HMN-817 [新模型无码破解]被抓住把柄的我成为供绝伦继父随时插入的人肉飞机杯 在反复追击内射中高潮连连 香水纯,magnet:?xt=urn:btih:6B1C9B84128749E38A623EA81C9C19FFD518E0ED,否
ACHJ-080,ACHJ-080 [新模型无码破解]下仰美淑女ASMR淫语 双通道语音自慰协助 橘玛丽,magnet:?xt=urn:btih:F807382C967CEBC481F8AEE246C64CA10C0A0179,否
SNOS-127,SNOS-127 [新模型无码破解]禁欲一个月敏感度直线上升 来一场真正的做爱之后继续抽插追加抽插 miru,magnet:?xt=urn:btih:EC39253915234B315632595B217DDB31DBD59DCB,否
MIDA-557,MIDA-557 [新模型无码破解]性格内心不敢说不要 被色情按摩师的春药按摩弄得高潮了 七泽米亚,magnet:?xt=urn:btih:407A34C9FD711A6137FD03426860A522DA988D2F,否
JUR-648,JUR-648 [新模型无码破解]朋友炫耀说和老婆一周干三次 那我就每周干她五次 合计内射二十发 新妻优香,magnet:?xt=urn:btih:F0E12B429D41400FD0B1FFD700D5AD72F8D6E4C4,否
IPZZ-789,IPZZ-789 [新模型无码破解]喝下春药的二人争夺肉棒 高潮了后宫被洗脑的美女 长滨蜜璃 金松季步,magnet:?xt=urn:btih:1ADBDB54927A5AC0C4B8FBF888C8ADE8D41E3E5C,否
HMN-798,HMN-798 [新模型无码破解]「大叔你是不是超想直接中出啊？」被小恶魔系年下JK少女一脸坏笑地挑逗 香水纯,magnet:?xt=urn:btih:44C7A284A73C5F567AEBC2F89A010DF83BCFE1DD,否
IPZZ-090,IPZZ-090 [新模型无码破解]和处男学生练习性爱，说好只插三厘米，没有忍住被捅到底 明里䌷,magnet:?xt=urn:btih:D9E5C076C56D94139456B3D3A096DDE1A07E72B2,否
IPZZ-065,IPZZ-065 [新模型无码破解]性瘾患者出差三天在酒店和不同的男人做爱 明里紬,magnet:?xt=urn:btih:14109234BE5A5EBB1F6F15FCDDA8AA29402681D3,否
IPZZ-052,IPZZ-052 [新模型无码破解]人生最美好之日竟遇婚礼逆NTR 新娘眼皮底下偷引诱新郎偷情 明里紬,magnet:?xt=urn:btih:A3D93080E607AF0902C4AF6C62A9E6C35AAEF48C,否
IPZZ-037,IPZZ-037 [新模型无码破解]成为丝袜控目标的美白美腿女教师 白皙美腿与美臀 明里紬,magnet:?xt=urn:btih:AF5C5AA6CBEA3DEED1CE64BCF0673AED43B2721F,是
IPZZ-023,IPZZ-023 [新模型无码破解]本想温柔地夺走哥哥的第一次 没想到他变成了个贪得无厌的性爱怪物 明里紬,magnet:?xt=urn:btih:6A7A9A73E943CAE1141330F47B76908C84AA2DA8,否
SAME-218,SAME-218 [新模型无码破解]侵犯我的最讨厌的男人 那腰部的动作让我无法忘记 星宫一花,magnet:?xt=urn:btih:E62D1A84B40B285EAC26001B45BD3AEE3BA558A5,否
MIDA-499,MIDA-499 [新模型无码破解]为了赚取母亲的治疗费 我最心爱的女友和那个可疑的富豪老头签订了一个月-小野六花,magnet:?xt=urn:btih:9A2C496217E1EC2B662810175F0DADDA8404BC26,否
ABF-330,ABF-330 [新模型无码破解]把泷本雫叶丢到全是男人的麻将店里不管 会发生什么事呢 泷本雫叶,magnet:?xt=urn:btih:DE72FEA2AB3D62F0A9788BC0BC1C536A8940C2E9,否
START-539,START-539 [新模型无码破解]神木丽的壁尻展板出差租赁 贴身记录两天内 被满载狂奔精子的男人们- 神木丽,magnet:?xt=urn:btih:4F622D31CC752600910160BF7537FBFFCE320CC1,否
START-525,START-525 [新模型无码破解]职场菜鸟为逃避现实去风俗店放松 竟撞见女上司在那兼职 青空光,magnet:?xt=urn:btih:950FA3B793A20DE5826960691DF402022EBA3FD8,否
ABF-328,ABF-328 [新模型无码破解]用晨勃的鸡巴从刚起床就狠狠干个不停的星期六 凉森玲梦,magnet:?xt=urn:btih:F4F8B61F733E8ACE6EBC3BF24CBB98D05BB0D44C,否
IPZ-985,IPZ-985 [新模型无码破解]女友爱我爱到疯 同居天天榨到空 清纯女神超黏人狂骑到射爆 明里紬,magnet:?xt=urn:btih:4AD05AADE9C212F9CFEFAE8F22A113B170C2D87E,否
IPX-983,IPX-983 [新模型无码破解]替弟弟还债！心甘情愿被监禁做黑道大哥10天的母狗！明里紬,magnet:?xt=urn:btih:AD7C268F2E6DCA35DFFF70BD0C0E33DD3037F101,否
IPX-971,IPX-971 [新模型无码破解]追击中出 肉棒惩罚偷盗女高中生 明里紬,magnet:?xt=urn:btih:57A1F30F62A7FFAA5F220E5152EEA0B83D052E1F,否
IPZ-949,IPZ-949 [新模型无码破解]校花部长放学被撩 学校空荡欲火狂烧 清纯美少女被狂干到高潮崩溃 明里紬,magnet:?xt=urn:btih:0A90821477ABE00FB4D05B3CB7206CFA2AFAB26E,否
IPZ-933,IPZ-933 [新模型无码破解]羞耻绝顶四本番初次颜射 明里紬,magnet:?xt=urn:btih:2FAA20D5D7FF910A54B2E77009101391E1399CEC,否
IPZ-914,IPZ-914 [新模型无码破解]清纯可爱白皙美少女AV出道作 明里紬,magnet:?xt=urn:btih:136F54302115249E4AA17D8FA11D33A6158A2905,否
IPZ-667,IPZ-667 [新模型无码破解]引退特辑 人生的各种初体验 希志爱野,magnet:?xt=urn:btih:DDD65E3CF90813BBDE09BCDF61BBD45EABCC3F5D,是
MIKR-082,MIKR-082 [新模型无码破解]在通学电车上秘密进行痴汉行为 让我中出的紧身裙女教师 森日向子,magnet:?xt=urn:btih:042449C5957A8A75E02BCDA61980CB9D321D05D1,否
MIDA-528,MIDA-528 [新模型无码破解]妻子不在家的三天 精通家务的完美女仆为了打发无聊时间 神宫寺奈绪,magnet:?xt=urn:btih:BC7D6C6F2C30CE047AB2899F8601292BA01FCA88,否
IPX-954,IPX-954 [新模型无码破解]一位美丽的女教师用她穿着丝袜的双腿诱惑害羞的阴茎 明里紬,magnet:?xt=urn:btih:936EC29DF8C7F2413AD3FE4CE7DA15A09FF6F31D,否
IPX-937,IPX-937 [新模型无码破解]完全立体声五感活力压制包覆的ASMR撸管絶技自慰支援 明里紬,magnet:?xt=urn:btih:7EE8B161EE9143ABCC6A7D534C44F6FA61C8C7E8,否
IPZ-650,IPZ-650 [新模型无码破解]报复轮奸平时很傲慢的女上司 希志爱野,magnet:?xt=urn:btih:255870FCCCF8F1B55129447651DB2DCA98F0DAE7,是
IPZ-634,IPZ-634 [新模型无码破解]超短裙美女教师的诱惑授业 希志爱野,magnet:?xt=urn:btih:164F4A71BFA88BC61C6F12C4E1975C156993E03E,否
IPZ-621,IPZ-621 [新模型无码破解]被命运推到赛道边缘的新人美女赛车女郎，在无法说出口的拒绝中失守底线 希志爱野,magnet:?xt=urn:btih:E638E183C435254A71CD8EAC9011823C757F3F67,否
IPZ-607,IPZ-607 [新模型无码破解]美人千金妻子被情人协议缠上 黑线般逃不掉的背德关系 鸡巴偷偷深插嫩穴. 希志爱野,magnet:?xt=urn:btih:91E1E5997ABC0B34989FFA919879D2082075FE97,否
IPZ-594,IPZ-594 [新模型无码破解]公司内部的传说超美的电梯小姐的升天服务 希志爱野,magnet:?xt=urn:btih:8233AAEF482CC28C8AD7D0582544624686EFCC43,是
IPZ-580,IPZ-580 [新模型无码破解]为了破案不惜出卖色相用自己的身体一步一步获取证据的美女搜查官 希志爱野,magnet:?xt=urn:btih:C48EA857DE15C96B072B84B51ED55C3D6D8EB57B,是
IPZ-551,IPZ-551 [新模型无码破解]大嫂的过激诱惑 希志爱野,magnet:?xt=urn:btih:4D99B98C8B81B87CB67CFEE0BAD5EAFB131D88C0,否
IPZ-522,IPZ-522 [新模型无码破解]被监禁侵犯的空姐 希志爱野,magnet:?xt=urn:btih:703B8D2A2300F8EFAE5D7A8DD5CEEA6E3A431A1B,否
IPZ-485,IPZ-485 [新模型无码破解]被侵犯的图书管理员 身体就像图书一样接二连三的辗转到不同男人手中被玩烂 希志爱野,magnet:?xt=urn:btih:CB7A4A99EE55FB044E9729A78E8499FB4ADC9174,是
IPZ-358,IPZ-358 [新模型无码破解]我的专属女仆无论多少过分的吩咐只要能讨我欢心就会照做 希志愛野,magnet:?xt=urn:btih:7725CE79FDBF6A363E0F5ABF5838C3D2DBA8389E,是
IPZ-296,IPZ-296 [新模型无码破解]露出企划 偷偷摸摸到野外打炮 希志爱野,magnet:?xt=urn:btih:BD44CF9F402203D3AF72C7AA517188D880AAA46D,否
IPZ-236,IPZ-236 [新模型无码破解]快感螺旋 不停高潮 爽个不停 希志爱野,magnet:?xt=urn:btih:5CA048ED69F3ECBE0EF304F1D149A97EAA96CA91,否
IPZ-145,IPZ-145 [新模型无码破解]当课堂的秩序被温柔打破 爱野老师的低声引导把人引向禁忌的边缘!希志爱野,magnet:?xt=urn:btih:C3C03A8B7ADD173232333F241CC68B1B81B48C8D,否
IPZ-104,IPZ-104 [新模型无码破解]被轮奸的秘密女搜查官 希志爱野,magnet:?xt=urn:btih:652B8F5A3CBDBB1FF7C180B648E0C5FD1B55786C,是
IPZ-092,"IPZ-092 [新模型无码破解]被侵犯的超美女教师,学生们丑恶的肉棒朝美女教师的美丽胴体袭来 希志愛野",magnet:?xt=urn:btih:1985AFFFD2D8E4FFE364D8C0C5B72CCD7972E076,是
IPX-920,IPX-920 [新模型无码破解]明里紬 美女家庭教师的接吻诱惑教学 明里紬,magnet:?xt=urn:btih:7768362E445476E8B2F50A5368E34901F31BC066,否
IPX-871,IPX-871 [新模型无码破解]一看就是超S的黑丝美腿姐姐的奇袭做爱档案 明里紬,magnet:?xt=urn:btih:70ECC2E907DE30BF1AF621F0ECE4AE312C17B401,否
IPX-837,IPX-837 [新模型无码破解]教师失格 放学后在情趣酒店密会 和女儿年纪相仿的学生做爱 明里紬,magnet:?xt=urn:btih:5346001BB812C0CDFFDBED073426E894AEBDDBAC,否
IPX-817,IPX-817 [新模型无码破解]恶德施术师的变态按摩 痉挛失禁 性感开发沙龙 明里紬,magnet:?xt=urn:btih:3498AE2EE04D4ED49ED005BEC69D7A1CB8257CEF,是
IPZZ-781,IPZZ-781 [新模型无码破解]拍了100多部AV 已经高潮麻木的樱空桃 被强力春药浸泡到边缘 樱空桃,magnet:?xt=urn:btih:D8E33B41166A6471AB1EB374EE067D905F38B807,否
IPX-799,IPX-799 [新模型无码破解]美脚苗条美女的追击三连射 男性沙龙全套餐连射 明里紬,magnet:?xt=urn:btih:539721BADE6A4A601581FC3DB7D1E843A85280AA,否
IPX-730,IPX-730 [新模型无码破解]在同居的甜蜜日常里 那位傲娇的女友以乳头的缠绵玩弄为乐 将欲念悄然揉捏 明里紬,magnet:?xt=urn:btih:9EFD4595549E392067783D11317B5DC508B4D18F,否
IPX-695,IPX-695 [新模型无码破解]果然口交才是最棒的 同学聚会被前男友强上后再次被他的肉棒征服 明里紬,magnet:?xt=urn:btih:992CEA2CC145F47DBD744FCC8AFE6CCE867B5760,是
IPX-662,IPX-662 [新模型无码破解]醉酒后醒来…和裸体浴衣诱惑我的同事女员工一直做爱到清晨 明里紬,magnet:?xt=urn:btih:0DBBBAACF94C5498141BFC56D6BA060C3FF9B4BD,否
IPX-647,IPX-647 [新模型无码破解]突击 到传闻的风俗店潜入报导 色情沙龙 M性感 性感按摩 明里紬,magnet:?xt=urn:btih:395B7E2E8F65357F742C2391D7D0DDC6AB5DA757,否
IPX-618,IPX-618 [新模型无码破解]从口交开始的NTR 只是用嘴的话 不算是出轨对吧 明里紬,magnet:?xt=urn:btih:A29CA4C1A912841C0B7E3E6412D10D102E97C569,是
IPX-569,IPX-569 [新模型无码破解]形势逆转 叫风俗妹来的是欺侮我的女上司 对她内射復仇 明里紬,magnet:?xt=urn:btih:A3C66E54457CE0B7F33FAA816FDAB659901EAA7C,否
IPX-518,IPX-518 [新模型无码破解]超S的女狱警用身体和淫语榨精调教性欲茂盛的囚犯 明里紬,magnet:?xt=urn:btih:C10846FA54748F9C0477BC72E229DB76CF63FD04,否
START-498,"START-498 [新模型无码破解]闺蜜夫妻参加换妻酒吧,意外成就性福四口之家 性癖觉醒后的换妻4P狂欢 青空光 神木丽",magnet:?xt=urn:btih:11F6C97E9D84F9E5B8183A7840791C89951E99B2,否
SNOS-141,SNOS-141 [新模型无码破解]拥有名模比例而被选为诱饵的搜查官 竟在媚药陷阱与痴汉凌辱下完全败北 枫芙爱,magnet:?xt=urn:btih:EF369E025C4E229AF0BAD2754AACE39E91C4485C,否
SNOS-093,SNOS-093 [新模型无码破解]女友的妹妹是最强女主角 喜欢上我并悄悄接近 全世界最棒的出轨诱惑 濑户环奈,magnet:?xt=urn:btih:DE4288A115B7E8713321C1754E819C911ED69142,否
IPZZ-802,IPZZ-802 [新模型无码破解]DIGITAL CHANNEL DC144 美艳女神 初次大量颜射解禁 枫花恋,magnet:?xt=urn:btih:DDD7932FAEFF71AF43B2C2F75AB82D36D8A00DE9,否
IPX-507,IPX-507 [新模型无码破解]平日文静小绵羊 温泉同房变女狼 文静部下温泉一夜化身痴女魔王 明里紬,magnet:?xt=urn:btih:ED2E89E1EF73DDA366534AEC9343B4432534A7DF,是
IPX-489,IPX-489 [新模型无码破解]乳头调教女王上任 新痴女老师狂舔狂捏男生乳首开发到极致 明里紬,magnet:?xt=urn:btih:F7BFDDD441DEDDB0D4824D7E0FB36A212332F24F,是
IPX-473,IPX-473 [新模型无码破解]被最讨厌的混蛋弟弟抓住把柄威胁换上白丝女仆装内射的姐姐 明里紬,magnet:?xt=urn:btih:3C96A44FAAE54B4BB2B4F8D894ACB9F116531830,是
IPX-457,IPX-457 [新模型无码破解]因为错过了末班车在超级可爱的女同事家过夜 和她做了一整晚 明里䌷,magnet:?xt=urn:btih:ACA8A0B82610E64BF7599489A21264F76F6B1D60,否
IPX-419,IPX-419 [新模型无码破解]在病弱的床榻之上 女友的身体悄然被当地巨汉前辈以骑乘般的压迫占有 明里紬,magnet:?xt=urn:btih:7EB5267EE9987CDA5A1C074E11ED97473B18C98F,是
IPX-404,IPX-404 [新模型无码破解]女友的小恶魔姐姐在耳边淫语诱惑我内射她-明里つむぎ,magnet:?xt=urn:btih:8F7B938E674182D64664FDCFD9AEBDC67E190326,否
IPX-389,IPX-389 [新模型无码破解]和黑丝女人妻OL明里䌷出差同住一屋强上了喝醉的她内射一整晚 明里紬,magnet:?xt=urn:btih:68E15973297BA5C60CDBA719DED1044BB73405CA,否
IPX-374,IPX-374 [新模型无码破解]新任黑丝女教师像只囚兽在牢笼中被轮奸疯狂内射 明里紬,magnet:?xt=urn:btih:C730004358D4AFD6424A7FAC0176DBD88A89C609,是
IPX-360,IPX-360 [新模型无码破解]女大学生耻辱排泄调教大量失禁大量中出电车痴汉的轮奸盛宴 明里紬,magnet:?xt=urn:btih:1DA152AB01A4D012EBECBC51CF9382556C9409B2,否
IPX-328,IPX-328 [新模型无码破解]清纯女神中出解禁 无套巨根狂灌精魂 清纯明里紬被生插猛干到高潮崩溃 明里紬,magnet:?xt=urn:btih:D1E52B5CD4091E6B02CEC2F78E6F573E317EA629,否
IPX-316,IPX-316 [新模型无码破解]嘴角偷笑的小恶魔制服美少女偷偷榨干你 明里紬,magnet:?xt=urn:btih:ACCC2F3F193C282A6DC04249A2932A64FC67CF56,否
IPX-204,IPX-204 [新模型无码破解]清纯女神被丑老男人狂干到高潮崩溃 中出灌满喷汁失神 彻底征服抽搐上瘾不停 明里紬,magnet:?xt=urn:btih:1BCA317EA62AF81145F8D24232F2BB5A76702E76,是
IPX-175,IPX-175 [新模型无码破解]痴迷老男人的眼镜文学少女神级调教 动不了的身体被慢慢撩到射爆 明里紬,magnet:?xt=urn:btih:A84AA40AA97DD2A800E9AFFD1D507148E2B91D9E,否
IPX-142,IPX-142 [新模型无码破解]肾上腺素彻底释放的激情中 她的身体化作汗水、唾液、潮吹的狂野海洋 明里紬,magnet:?xt=urn:btih:D43249890912759EF75B657336B9AF8965942B82,否
IPX-128,IPX-128 [新模型无码破解]痴女美少女狂恋老男人 寸止舔遍全身撩中年大屌到射爆 脏话调教高潮喷不停 明里紬,magnet:?xt=urn:btih:A1D2BED111A15074AF0A6FFA5BE0670A064ABA2A,否
IPX-087,IPX-087 [新模型无码破解]每天乘坐的公交车上 她鼓起勇气指认痴汉 却被乘客们集体沉默掩盖。从那天起 明里紬,magnet:?xt=urn:btih:F34698844926322C75801B6FB74463AE27C1CBDD,否
IPTD-971,IPTD-971 [新模型无码破解]突袭AV女优瞬间出现插入一脸懵逼的她 希志爱野,magnet:?xt=urn:btih:0CF4EBBDD9023F4FACD81FA2781E9F5FE1E289F7,是
IPTD-935,IPTD-935 [新模型无码破解]双重人格的身体里同时住着天使和恶魔 希志爱野,magnet:?xt=urn:btih:0378CB36AFBE51986EE4B984524B81AAD12F7CC2,是
SNOS-071,SNOS-071 [新模型无码破解]彻底侵犯我曾经深爱的妻子 深喉强迫口交 掐喉活塞式抽插 七森莉莉,magnet:?xt=urn:btih:F3DD4CDB10CD796E6E910BB7467A06FED4FC835F,否
CAWD-917,CAWD-917 [新模型无码破解]伊藤舞雪8周粉丝感謝祭 被喜欢我的粉丝们排队轮流抽插30多次高潮 伊藤舞雪,magnet:?xt=urn:btih:1531F0C292DE237A67C238F129B5661C414EC149,否
ADN-764,ADN-764 [新模型无码破解]「我这种人 怎么可能被喜欢啊 」美女用满满的爱包容了对不信任- 白峰美羽,magnet:?xt=urn:btih:9D96590915105FC6FF1B78DAB760A00D6592FAED,否
ABF-325,ABF-325 [新模型无码破解]天然成分的由来 120%汁液 三佳诗,magnet:?xt=urn:btih:805303E4B727B9F5C531453DDBFCC862A588C438,否
ABF-323,ABF-323 [新模型无码破解]与部下年轻妻子的出轨禁忌 禁忌中的秘密外遇之旅 八掛海,magnet:?xt=urn:btih:E4149F1438D39195D7F91BCAD012AAC9C1DA9172,是
IPX-071,IPX-071 [新模型无码破解]在家里的隐秘角落 妹妹以小恶魔的笑容撩拨哥哥的纯洁- 明里紬,magnet:?xt=urn:btih:8467C3C27706C8CE1E462FA237AC0268D50985DF,否
IPX-053,IPX-053 [新模型无码破解]大量颜射解禁 灵魂的颜面淋浴 将积攒的浓稠精液如火箭 明里紬,magnet:?xt=urn:btih:6FDF0215684C1B02DF95991EB52B6346F96C8FDA,是
IPX-037,IPX-037 [新模型无码破解]清纯女神初试风俗 八种服务欲焰渐浓 明里紬黏腻口交本 明里紬,magnet:?xt=urn:btih:E73519F80DE105E97091FBA4970C551E18905949,否
IPX-021,IPX-021 [新模型无码破解]可爱又敏感的女仆是一个笨手笨脚会尿裤子的小骚货 明里紬,magnet:?xt=urn:btih:D815DE3C2A4F689C5B190CE1260BAA2292C38819,否
IPX-004,IPX-004 [新模型无码破解]美少女口水慢慢流 唾液缠绵欲焰悠 清纯女神被浓吻黏腻占有 明里紬,magnet:?xt=urn:btih:683504C23E8E6BF58856BE03480350134A9080E1,否
MIDA-533,MIDA-533 [新模型无码破解]随时随地露出小穴摆出猥亵姿势 能随时使用专属于我的飞机杯学生 石川澪,magnet:?xt=urn:btih:2983FDCBA274CD335382ED6F9578F3103B055F94,否
MIDA-497,MIDA-497 [新模型无码破解]比基尼紧贴亲热 口对口传递媚药的男士美容服务 石川澪,magnet:?xt=urn:btih:CF1CDECB7D6B0541B84BE2E0D12C87B3D9C93555,否
IPTD-866,IPTD-866 [新模型无码破解]被盯上的OL 跟踪狂色狼 希志爱野,magnet:?xt=urn:btih:1306D981B730659D91B923901BA04E136A500CBE,否
IPTD-858,IPTD-858 [新模型无码破解]不会拒绝的被动女 希志爱野,magnet:?xt=urn:btih:36700D9B08D48F650B855F04014C9935B39D80FE,否
IPTD-799,IPTD-799 [新模型无码破解]希志家的三胞胎姐妹花不可思议的性爱同居和谁做了爱也分不清 希志爱野,magnet:?xt=urn:btih:C9F1F985D81863B2D61FC2695BF9C12548A9D8B2,否
MIDA-583,MIDA-583 [新模型无码破解]每天都要被撒娇索要10发浓精口交 和甜蜜黏人超爱舔弄 井上桃,magnet:?xt=urn:btih:4CC795175AC25D52C29188F8B0726B1C5088A87D,否
STARS-430,STARS-430 [新模型无码破解]串刺强奸 大量中出 上下两穴被完全封锁的职场美女强人OL 本庄铃,magnet:?xt=urn:btih:EE006AC92E6938E22147F98B3D5971C47BB2E958,否
STARS-171,STARS-171 [新模型无码破解]奴隶姐妹花捆绑调教固定16发大量轮奸内射 小仓由菜 本庄铃,magnet:?xt=urn:btih:AA672B7F1747AD22B3C5BA47803DC5BEB04B6D66,是
STAR-447,STAR-447 [新模型无码破解]初中出解禁 中出派对 橘梨紗,magnet:?xt=urn:btih:B1A590F8ACDA796C84B4BA5BD866B83A11990D6E,否
STAR-433,STAR-433 [新模型无码破解]超高级风俗小姐 橘梨纱,magnet:?xt=urn:btih:005FA5A6272120C05184CAFE6A1351AC2846DD93,是
STAR-424,STAR-424 [新模型无码破解]角色扮演连续激烈高潮 橘梨纱,magnet:?xt=urn:btih:6486B2A98DE604C4657C9BE8ED734F6BCDD7BE65,是
SNOS-097,SNOS-097 [新模型无码破解]禁止自慰180天 去禁欲女家露出肉棒 村上悠华,magnet:?xt=urn:btih:75E377D3A46F3148553830F629F59AFEE9099836,否
SNOS-120,SNOS-120 [新模型无码破解]结婚错误的巨乳年轻妻子 在性骚扰公公 恶婆婆 和母控丈夫 梦乃爱华,magnet:?xt=urn:btih:4D644E70D2B3E260AD9DAD6391907969616B7A80,否
SNOS-084,SNOS-084 [新模型无码破解]这可不是出轨 只是用嘴巴在玩肉棒而已 七森莉莉,magnet:?xt=urn:btih:5EB4796E439ECA9C0C7FEB1A91B6D0AE8A375B56,否
SNOS-079,SNOS-079 [新模型无码破解]一对网红学生情侣想在网上进一步提高人气去往传说中的长寿村 白上咲花,magnet:?xt=urn:btih:497B1082C9AD5BBCD1234DF0629316E7FA9382D2,否
ABF-319,ABF-319 [新模型无码破解]沉迷我的漂亮女人 不停内射的完美小穴 凉森玲梦,magnet:?xt=urn:btih:665DD1DAD322C7AF787F40486DD71D8520B1B011,否
SNOS-076,SNOS-076 [新模型无码破解]不适与快感的温泉旅行 继父竟然当着母亲的面 儿玉七海,magnet:?xt=urn:btih:24A24FA7AD095A5B576BEAD4C663BF42C3901F3B,否
JUR-636,JUR-636 [新模型无码破解]太没有防备心了 巨乳人妻在无法发声的情况下 桃园玲奈,magnet:?xt=urn:btih:83F6EAF15ED8C937A43E47768134903A50440627,否
JUR-600,JUR-600 [新模型无码破解]裸体音乐椅游戏 羞辱性中出轮奸 小岛南,magnet:?xt=urn:btih:D779E4808EA5F4167D4612E22A9EF6E4DFBF4EF9,否
DASS-873,DASS-873 [新模型无码破解]最高峰 用我尽情发射吧 绝世美女的极致射精暴发支援 白峰美羽,magnet:?xt=urn:btih:D683FB2CB4750F77951E220CC2749BA40D45A5F7,否
DASS-787,DASS-787 [新模型无码破解]受到黑丝袜巨臀诱惑 我忍不住内射进去 橘玛丽,magnet:?xt=urn:btih:D27F12E4A144176C7A5612FA51BB9390C83290B1,否
STAR-418,STAR-418 [新模型无码破解]AV debut 2nd 性欲開放4本番 橘梨紗,magnet:?xt=urn:btih:F7C960FCE86CF10D288FA586784617944D19C5B9,否
STAR-409,STAR-409 [新模型无码破解]AV出道 所有人都爱上她 橘梨纱,magnet:?xt=urn:btih:DAA1AC49A2701611E2823FD99EEFA352659046E5,是
SSNI-953,SSNI-953 [新模型无码破解]在公公的浓烈舌技下 被舔弄堕落的美人妻 小岛南,magnet:?xt=urn:btih:1D6CC4645690D1732C28C90BCEAFD054D1A00D09,否
SSNI-830,SSNI-830 [新模型无码破解]淫荡白丝护士的开裆丝袜美腿紧身迷你裙诱惑 星宫一花,magnet:?xt=urn:btih:EA94C64AC696B1A0DBF60103F674C0AED8FAE3FC,否
SSNI-733,SSNI-733 [新模型无码破解]与我的终极情人出轨之旅 一夜射精10次 桥本有菜,magnet:?xt=urn:btih:629C7366FBBEB45E00569F7ECE57E72C1EE73268,否
SSNI-706,SSNI-706 [新模型无码破解]我最爱的女友被巨汉前辈压在身下抽插我却无能为力只能对着影片自慰 桥本有菜,magnet:?xt=urn:btih:037D81FB58E0C35BD107BFF0B2F4B5296379DBF2,是
SSNI-692,SSNI-692 [新模型无码破解]我最爱的女友被巨汉前辈压在身下抽插我却无能为力只能对着影片自慰 坂道美琉,magnet:?xt=urn:btih:20EBCD1C393561CA561ABCCEEF3F79B89D38F2B6,否
SSNI-677,SSNI-677 [新模型无码破解]因为长得太可爱了遭到嫉妒被闺蜜报复 找了一群男性来轮奸调教 桥本有菜,magnet:?xt=urn:btih:16AF8D6CBF5B839A2046FD0E5521EB9B99B697E1,是
SSNI-671,SSNI-671 [新模型无码破解]独自一人对抗二十名精力旺盛的男优绝伦性交 RION,magnet:?xt=urn:btih:80203B70E467CEA42D4D1F5157404836108C3D59,否
SSNI-663,SSNI-663 [新模型无码破解]从里面流出的白色爱液 究极抽插 坂道美琉,magnet:?xt=urn:btih:242A65603E55CB2C6747140259648292993A4581,否
SSNI-647,SSNI-647 [新模型无码破解]女朋友不在的日子里被她的闺蜜勾引出轨疯狂做爱 桥本有菜,magnet:?xt=urn:btih:6A7395E6347A09D1BF72F2E32CD4747414898D6B,是
SSNI-643,SSNI-643 [新模型无码破解]奇迹神乳复出7夹射 宇都宫紫苑,magnet:?xt=urn:btih:7A050EC9D4740F88427376FE93D85BA36414E07A,否
SSNI-621,SSNI-621 [新模型无码破解]腿长88cm的泳装美少女的制服美腿诱惑 桥本有菜,magnet:?xt=urn:btih:37CE0082EB6704421CC39232DCA53E37CFF9633A,是
SSNI-452,SSNI-452 [新模型无码破解]被迫成为内衣模特儿 巨乳设计师被威胁成为公司的内衣模特 三上悠亚,magnet:?xt=urn:btih:0FF593622B489E8B4CB065599FB1AB8A261DAAAF,是
SSNI-378,SSNI-378 [新模型无码破解]S1最强共演 十五周年粉丝感谢祭梦幻之旅 三上悠亚 桥本有菜 天使萌 葵司 彩美旬果,magnet:?xt=urn:btih:3D92636DB7D2C184CD612F42DFD3006F8585C5A1,否
START-488,START-488 [新模型无码破解]顺从听话的温泉旅行 神木丽,magnet:?xt=urn:btih:CAD28E92B5AF4A4758D5A43B399EF22346278E92,否
SSNI-608,SSNI-608 [新模型无码破解]潮喷后的小穴 马上追击 性爱 坂道美琉,magnet:?xt=urn:btih:4A68BD56EFAD56EC41E81E8AF188EE57FA70C312,否
SSNI-593,SSNI-593 [新模型无码破解]粉丝感谢祭VS十七名素人只能撑过口交就能和有菜做爱哦 桥本有菜,magnet:?xt=urn:btih:BF011D08884528E27D18428D5CB0DFBC02153EF6,否
SSNI-589,SSNI-589 [新模型无码破解]全力高潮骑乘位疯狂扭腰榨精感受巨尻拍打胯部的冲击 三上悠亚,magnet:?xt=urn:btih:28E2E1D3CBF3EA1A44A58AE81471D672865D49EB,否
SSNI-569,SSNI-569 [新模型无码破解]年轻人妻被猥琐公公玩弄后还被送给别的人侵犯来还欠款 桥本有菜,magnet:?xt=urn:btih:A5A856A163A831440CCA8C29148806C8413CCCB4,是
SSNI-559,SSNI-559 [新模型无码破解]被侵犯的新上任女教师)\N(在恋人面前被学生不断侵犯 坂道美琉,magnet:?xt=urn:btih:E16045914B0B951CBA84D800330517E0D115E209,否
SSNI-546,SSNI-546 [新模型无码破解]和文学社的学姐桥本有菜同住一间房终身难忘的夜晚 桥本有菜,magnet:?xt=urn:btih:8AD450BE7D50B4CB5F4764E9242DF7A23C3810E3,否
SSNI-520,SSNI-520 [新模型无码破解]绝对领域学生妹白嫩嫩大腿的诱惑 桥本有菜,magnet:?xt=urn:btih:403CB2DA79A4BA0E571CEA84B7A7F6066D3D46B7,是
SSNI-497,SSNI-497 [新模型无码破解]新任小恶魔女教师的丝袜美腿挑衅诱惑 桥本有菜,magnet:?xt=urn:btih:B1A83CAC0F05D20C4C0A8A79AAD30B271F39FBF7,是
PRED-835,PRED-835 [新模型无码破解]成为了欲求不满的年轻人妻的性玩具 被性欲狂魔的巨臀 美之嶋惠理 森泽佳奈,magnet:?xt=urn:btih:87A69BBF7E4A79BB5285239690D342782F0F5D9A,否
SSNI-476,SSNI-476 [新模型无码破解]完全固定无法抵抗的活塞抽插 桥本有菜,magnet:?xt=urn:btih:9A44C7C386478D5A60E43F92E39C467FA3A7866A,是
MIKR-074,MIKR-074 [新模型无码破解]森日向子在做爱 激烈地玩弄对方 用长镜头给她色情的屁眼特写吧,magnet:?xt=urn:btih:90D7E670A17A9EC07CB2E43A080C8B4D457B726E,否
MIDA-477,MIDA-477 [新模型无码破解]来舔米亚的屁眼吧 学生会长小穴啪啪诱惑老师 让舔屁眼达到多次高潮了 七泽美亚,magnet:?xt=urn:btih:1DB5BE8336F95512CF74834847055EE82902EF63,否
SSNI-466,SSNI-466 [新模型无码破解]满身润滑剂贴身连续射精做爱 葵 小野夕子,magnet:?xt=urn:btih:3A115DD35B650FD65CF538AC972567A92CEDE661,否
SSNI-309,SSNI-309 [新模型无码破解]生涯初次被干到痉挛绝顶 河北彩花,magnet:?xt=urn:btih:0F55523656BA998137322DE2814B35ABBD0FDC25,是
SSNI-217,SSNI-217 [新模型无码破解]无法出声强制深喉呜咽口交 吉泽明步,magnet:?xt=urn:btih:630D11A74A647CF756DA736779DFA5309AFBC21F,否
SSNI-053,SSNI-053 [新模型无码破解]经典漫改 排球妹超肉感爆乳由RION来完美呈现 RION,magnet:?xt=urn:btih:DC650B1E6B5834F45FE49F0E5692527B5C78151E,否
SSIS-088,SSIS-088 [新模型无码破解]最后一滴精液都舔干净的专属口交女仆 三上悠亚,magnet:?xt=urn:btih:BF0577C46925EF69D3741EDDD9DE0478D0D9ACB3,是
SRS-022,SRS-022 [新模型无码破解]素人脱衣屋专科 1人目 桃谷绘里香,magnet:?xt=urn:btih:770F43398998EE54B202A2C83F0305F4E3A2A0B9,否
SNIS-787,SNIS-787 [新模型无码破解]J罩杯神奶紧紧包缚37连射神乳大乱交 宇都宫紫苑,magnet:?xt=urn:btih:97DBD148ADB2358566DFD5C954069295558B6541,否
PRED-843,PRED-843 [新模型无码破解]平时高冷的后辈变身粘人精 身体契合度太高让我欲罢不能 楪可怜,magnet:?xt=urn:btih:D11E00CF80D547FF1FEF5D608056AADB577953F2,否
PPPE-401,PPPE-401 [新模型无码破解]“妹妹是哥哥的私有物！”妹妹变成了我专属的繁殖母畜 楪可怜,magnet:?xt=urn:btih:BE8CD2DB35FC7955337B0077E30F1EF43777B339,否
MIDA-518,MIDA-518 [新模型无码破解]对其他人态度冷淡却唯独对我很温柔的宫下学姐 不穿胸罩的乳头硬邦邦的 宫下玲奈,magnet:?xt=urn:btih:70A3A77178BA7538B7908E49F081B72B2CFAA479,否
MIDA-517,MIDA-517 [新模型无码破解]端庄严谨的女教师被拥有必杀神级指交技巧 异常性欲的痴汉强制调教成早泄体质 水卜樱,magnet:?xt=urn:btih:EBDF71FA2F652D32107A9FD092C415E53AC0115A,否
IPZZ-766,IPZZ-766 [新模型无码破解]老师学生背德的禁忌关系 佐佐木纱希,magnet:?xt=urn:btih:87FF4155C5FAD8FE279952B4C49DE5AF6D204710,否
START-492,START-492 [新模型无码破解]送货途中NTR 跟著已婚老司机出车却在车里被硬上的新婚人妻 青空光,magnet:?xt=urn:btih:10AF303491AE873826176A61509104D08D2147D7,否
SNOS-078,SNOS-078 [新模型无码破解]新娘特效媚药 全身阴蒂敏感化 让小穴发情潮喷自慰 miru,magnet:?xt=urn:btih:EEB40AD4DE6B2066B18840D497315AC9E839AB4A,否
SNOS-074,SNOS-074 [新模型无码破解]美女白领 看到她那修长身材 抵不住诱惑了 明日叶三叶,magnet:?xt=urn:btih:47564F85534FE7F1C24562F09C1B43A7EA3A6DE4,否
SNOS-059,SNOS-059 [新模型无码破解]一看就很骚的女友姐姐把我的肉棒吃干抹净 金松季歩,magnet:?xt=urn:btih:728DBB55AAD3986E2A435D5EB7BB8E078FEC43D5,否
IPZZ-754,IPZZ-754 [新模型无码破解]在婚恋软件上找到了长相很满意的女性 她的择友优先条件是 樱空桃,magnet:?xt=urn:btih:6C8E7DF0E3B2498574C6FCB5A795A33D7BA24035,否
SNIS-508,SNIS-508 [新模型无码破解]小穴流出的白浊汁 明日花绮罗,magnet:?xt=urn:btih:B0B2DEE29B6C2DDFD991F1EA9971ABB89CC2E05D,否
SNIS-360,SNIS-360 [新模型无码破解]保险女郎用身体潜规则销售 明日花绮罗,magnet:?xt=urn:btih:2624567867B667765745CBDDEAE88CD749C6CB0A,是
PRED-705,PRED-705 [新模型无码破解]这家店家禁止打炮 结果小姐偷偷要求我中 无限次发射逆兔女郎 风俗5本番 白峰美羽,magnet:?xt=urn:btih:53EB37B197B2434A2C8A39E65F968A213AC3E0AA,否
PFES-076,PFES-076 [新模型无码破解]虽然我的妻子是白领 但她在工作休息或加班时 都被讨厌的上司不断玩弄着连裤袜里面 白峰美羽,magnet:?xt=urn:btih:EA39521D82E0A59BD9A25D13CE4A2A46791C9827,否
SNOS-064,SNOS-064 [新模型无码破解]谁都无法移开视线的最强女主角 让身心彻底融化的男士乐园按摩服务 濑户环奈,magnet:?xt=urn:btih:F4200194165F1094C54EA1451533517D327F1C14,否
MIDV-925,MIDV-925 [新模型无码破解]极美苗条身材 快感绝活 从鲍鱼流出来的淫荡汁 绝顶全套服务 宫下玲奈,magnet:?xt=urn:btih:94C2ECBC1ECE13A8FE7614EAE41107E1A82CA6BD,否
MIDV-890,MIDV-890 [新模型无码破解]抵挡不住美腿丝袜空姐的诱惑 魔鬼足交让他在这场黑色性感NTR中射精15次 宮下玲奈,magnet:?xt=urn:btih:83A41DAFD9DF7B1882D55B62396C57B1BCCA2B70,否
MIDV-623,MIDV-623 [新模型无码破解]无限制射精 M男潮吹拘束套房 从放学到隔天太阳升起 不断高潮-桥本有菜,magnet:?xt=urn:btih:E7343DEDF979558CEE58E5B7F68F4038BE3C4B6F,否
IPZZ-778,IPZZ-778 [新模型无码破解]被拥有压倒性美貌的美女家庭教师调教到身心彻底依赖的辱骂手淫 枫花恋,magnet:?xt=urn:btih:3CAF5C0AC2464F7C47E78BABCC6757FB417F69F6,否
MIDV-592,MIDV-592 [新模型无码破解]想要从垃圾房拯救我的有菜老师被性欲怪兽抓住 从那天起所能做 新有菜,magnet:?xt=urn:btih:BF9143D5CC335D663715431BA8FF41E0A4E33456,否
IPZ-891,IPZ-891 [新模型无码破解]因为成绩遭人妒忌被夺走处女持续凌辱的学习委员 相泽南,magnet:?xt=urn:btih:4B2A24414B301989413A0BFB35601A817A89353C,是
IPZ-828,IPZ-828 [新模型无码破解]颜射解禁四本番 人生第一次被臭臭的精液射到脸 相泽南,magnet:?xt=urn:btih:8B4993FD3A34ADF578CD53C24ECF35A5BA0D0F5B,是
IPZ-462,IPZ-462 [新模型无码破解]色情痴女护士 极端刺激 绝妙的240分钟 立花美凉 樱井步,magnet:?xt=urn:btih:3DB936340AD113F027E9FAC1407E8D461C38B375,否
MIDV-561,MIDV-561 [新模型无码破解]即使你射精一次 也会盯着你 对你低语的美容小姐 新有菜,magnet:?xt=urn:btih:60CB74815C451C3742475D3AF9AF65C7078C93BC,否
MIDV-490,MIDV-490 [新模型无码破解]肥皂社学生会长穿着各色服装 启动无限量射精服务 宫下玲奈,magnet:?xt=urn:btih:B87FF695A46D5E2BE6211F6D272FA002A07D8090,否
MIDV-234,MIDV-234 [新模型无码破解]现在已经高潮了所以别动 状态下依旧持续让她高潮4小时 新有菜,magnet:?xt=urn:btih:63972940F2FE3EDB49E7510F31750986118D2FC1,否
MIDV-139,MIDV-139 [新模型无码破解]禁欲 停不下来的汗 第一次流出的体液性交 宫下玲奈,magnet:?xt=urn:btih:AE5FE009DB83A0D63685A89044C63F488B14AEB6,否
MIDV-075,MIDV-075 [新模型无码破解]新人专属 宫下玲奈 19岁AV 出道 宫下玲奈,magnet:?xt=urn:btih:A2424FF99FC560E8C3EC054AB177B3A1475AA6C7,否
MIDE-442,MIDE-442 [新模型无码破解]超高级按摩店痴女小恶魔 九重环奈,magnet:?xt=urn:btih:DB8EABB6D97D54E59909ED2C49B7D7CEBB3FB35F,否
MIDA-008,MIDA-008 [新模型无码破解]那个对我冷淡的援交女孩明白点 用黏糊糊的口水接吻加上复仇式的激烈冲刺 宫下玲奈,magnet:?xt=urn:btih:5ECE94E60709E4FC15107732BB655FF986723A31,否
MFYD-063,MFYD-063 [新模型无码破解]超绝妙交换做爱大乱交 十四次射精 特别篇 藤森里穗 北野未奈,magnet:?xt=urn:btih:F010E8A30E84CD2B00D9DDD3E5E3DCC61B65B7E4,否
START-508,START-508 [新模型无码破解]因为打烊盘点错过末班车 于是借宿女同事家 但她却变成了不知疲倦的性爱机器 神木丽,magnet:?xt=urn:btih:E812147E1274329B57879CFC37118594288A6772,否
IPZZ-261,IPZZ-261 [新模型无码破解]比起你妻子 我更擅长口交 喜欢口交的女上司 枫花恋,magnet:?xt=urn:btih:525756F74F0E4EE6F91DEAC646814E0E776D82F5,否
IPZ-910,IPZ-910 [新模型无码破解]所有男人都憧憬的痴女医生 相泽南,magnet:?xt=urn:btih:D9E0D779383B85F4A06FDE003B4FAA2C9C529CBE,是
FSDSS-437,FSDSS-437 [新模型无码破解]漏尿失禁 潮吹狂乱 史上最棒的高潮飞溅喷射 激烈高潮喷射不停歇 桥本有菜,magnet:?xt=urn:btih:EAA1E0B8995A16F187A7A011B24D341AD732F067,否
CAWD-941,CAWD-941 [新模型无码破解]最强身材双重痴女姐姐 逆搭讪派对中出 追击连续射精 伊藤舞雪 山岸逢花,magnet:?xt=urn:btih:76970E3CA4D2FC59A3C61A863801157644D4C0A7,否
ATID-664,ATID-664 [新模型无码破解]坠入高潮累积型时间停止的秘密搜查官 没有抵抗就被春药浸泡连续高潮 白峰美羽,magnet:?xt=urn:btih:C2F8454BD96D9969FB21B8288E5C25A58B1DF41D,否
IPZ-261,IPZ-261 [新模型无码破解]FIRST IDEAPOCKET 泷泽萝拉,magnet:?xt=urn:btih:7BDAA3ECA6FBA087B651BDCDAA64A631A55BD1C4,否
IPX-873,IPX-873 [新模型无码破解]被最讨厌的恶心上司数次抽插到高潮 屈辱RAPE 被迫成为变态上司的榨精器 相泽南,magnet:?xt=urn:btih:E490A98DF28CDBA917B2EBD42324248ABE4FAA10,否
IPX-708,IPX-708 [新模型无码破解]表面上是国民偶像私底下确实我的肉便器母狗 桃乃木香乃,magnet:?xt=urn:btih:8F1A4DCF60470743954A71162B91894F282953BE,是
IPX-588,IPX-588 [新模型无码破解]女神的超强口交技巧把眼前的每一根肉棒都舔射 相泽南,magnet:?xt=urn:btih:792C2ED90BFC8A123EE4A77BFA6D7A34DB371198,是
IPX-586,IPX-586 [新模型无码破解]喜爱阴茎手打枪痴女护士用轻声淫语和缓急打手枪引导深层射精 明里紬,magnet:?xt=urn:btih:73FFCD31B3F86365621DAE43E3291240C746F8FF,否
IPX-571,IPX-571 [新模型无码破解]极品痴女风俗娘 无时间限制的服务直到被榨干为止 相泽南,magnet:?xt=urn:btih:833A982837F1971CC4F83134C70DCFA57B9C378A,是
IPX-540,IPX-540 [新模型无码破解]屈辱的职场生活黑丝美女OL被喜欢屁股的变态上司每天强制-明里紬,magnet:?xt=urn:btih:EC01ED6318B7E76AA177D3755C9E08021B2C807C,是
IPX-430,IPX-430 [新模型无码破解]喜欢穿着丝袜和人做爱的痴女姐姐的乘骑榨精即使射了- 明里紬,magnet:?xt=urn:btih:35225B1DC3A811347E427B8AEF80700EF694EA9E,是
IPX-387,IPX-387 [新模型无码破解]超喜欢肉棒的痴女美少女诱惑中年大叔的肉棒射精 相泽南,magnet:?xt=urn:btih:AA375697995E82BD97BB14239EDA7E23683D5CEF,是
MIDA-502,MIDA-502 [新模型无码破解]请让我把您榨干吧 外表文静的国语女教师 毕业式后瞬间变身性欲猛兽 八木奈奈,magnet:?xt=urn:btih:C76102B8BDC04A117E6AE56C32EEBF6341D67CE2,否
IPX-320,IPX-320 [新模型无码破解]痉孪绝顶FUCK 枫可怜,magnet:?xt=urn:btih:12CE2A35BBBA086F55102B6C5D9DF0246E9A9FBA,是
IPX-058,IPX-058 [新模型无码破解]角色扮演 狂热恋物癖 相泽南,magnet:?xt=urn:btih:5B589CAD1A0CB72162CA1A0CF2F2BA98F4C4375F,是
ADN-754,ADN-754 [新模型无码破解]酒铺的少年爱上了知名作家的情妇 星宫一花,magnet:?xt=urn:btih:FFFFF91E091002F6D3A29B2066562078CC4F093E,否
FSDSS-408,FSDSS-408 [新模型无码破解]家庭教师在学习时的耳边淫语 玩弄乳头 这样好像会更学不进去 桥本有菜,magnet:?xt=urn:btih:FA56D5E956A6530732260E46B2F7192DA8A3994F,否
FSDSS-393,FSDSS-393 [新模型无码破解]被垃圾屋里住着的变态跟踪狂监禁 可是和他肉棒的相性却是最合的 桥本有菜,magnet:?xt=urn:btih:3BDCFE2894CFF04229F4D552619E5C460D740686,否
FSDSS-376,FSDSS-376 [新模型无码破解]极上快感服务 射精无限制的ASIAN回春沙龙 桥本有菜,magnet:?xt=urn:btih:51F309625E97262D705F7B501B4F69395BE53A4C,否
FSDSS-365,FSDSS-365 [新模型无码破解]乡下的暑假实在太无聊 在大都市洗练过的发小 桥本有菜,magnet:?xt=urn:btih:0696CB8DC8A7B50E823A3B9279E65279CD45A7D4,是
FSDSS-335,FSDSS-335 [新模型无码破解]超快感自慰JOI 让您撸个够ASMR小恶魔手淫协助 桥本有菜,magnet:?xt=urn:btih:99D60553CD75890E4E6EB0DC921174B26139170E,否
HMN-788,HMN-788 [新模型无码破解]住在垃圾屋的宅家邋遢大叔用追击活塞多次内射 沉溺于异臭与粘腻性爱 香水纯,magnet:?xt=urn:btih:B787D3C928567B9F261C2E82366EC21040EEDA8E,否
FSDSS-320,FSDSS-320 [新模型无码破解]把腰干碎了也不逃走 往阴道深处贯穿到底 桥本有菜,magnet:?xt=urn:btih:FAA038A637CCC20A6ED80B498F5B87F24A6A7F2F,否
FSDSS-304,FSDSS-304 [新模型无码破解]为了保住男友的工作而被肆意玩弄的兼职大学生 桥本有菜,magnet:?xt=urn:btih:3F27B4E8719B086154F443A3B289EBA5F05D01B7,是
START-451,START-451 [新模型无码破解]性欲处理专科性爱门诊医院26 特别篇 SODSTAR 小凑四叶,magnet:?xt=urn:btih:FEBCEA0D6DDE5501AEF66D6745BB8E9FA51FAEDA,否
SNOS-072,SNOS-072 [新模型无码破解]把含有媚药的泡澡水几乎变成了真正的“媚药” 连游泳池里的水也成了媚药 梦乃爱华,magnet:?xt=urn:btih:AA7CB4B05478DACCD9D36C64860EE7DF02B9FA8F,否
SNOS-061,SNOS-061 [新模型无码破解]对内向的学生动手 她也不会跟任何人说吧 老师侵犯不敢反抗的学生 儿玉七海,magnet:?xt=urn:btih:176321B69B22B08061D76CEA069FD5C3AE626465,否
SNOS-047,SNOS-047 [新模型无码破解]性骚扰 性欲处理 颜射 什么都允许的害羞又温柔的新人护士总是满脸精液 白上咲花,magnet:?xt=urn:btih:79C2E1E4656EE3AD61BDB0DA601116A9CC0F3BA1,否
ABF-314,ABF-314 [新模型无码破解]一起找回那段青涩的性春时光 纯情又酸甜的3种情境 完全主观视角呈现给你 三佳诗,magnet:?xt=urn:btih:2AFE70E45D440DA45770520FA9318F3408340652,否
ABF-312,ABF-312 [新模型无码破解]蛮横无理的不道德NTR 即将步入婚姻殿堂的小护士却被患者玩坏了 八掛海,magnet:?xt=urn:btih:3DF13B7E069A86A58473AD4C6F6F53876E07AE30,否
START-472,START-472 [新模型无码破解]勾引温泉旅行中的客人 一次又一次偷吃NTR打炮 青空光,magnet:?xt=urn:btih:88F5713B1E844C8B0E0B296AB11ECB9F872DAF83,否
FSDSS-289,FSDSS-289 [新模型无码破解]辍学在风俗店上班的超可爱长腿青梅竹马桥本有菜被家人发现闹掰后 桥本有菜,magnet:?xt=urn:btih:978B67FF2302D35954BBB86314446FCD1CA74A00,否
FSDSS-274,FSDSS-274 [新模型无码破解]宅饮逆NTR好朋友的咔咔玩弄马上勃起的我几次木桩打骑乘位连续射精 桥本有菜,magnet:?xt=urn:btih:0EAA746D2E5B25F2DDA4B143DA8068E5956441B2,否
FSDSS-242,FSDSS-242 [新模型无码破解]和前辈女上司在酒店共处一室 沉溺于美脚诱惑直到早晨的狂乱出轨性交 桥本有菜,magnet:?xt=urn:btih:C6139892DA3F70623A8C015161835ACA336C60E7,否
FSDSS-226,FSDSS-226 [新模型无码破解]有点迷上M大叔的爸爸活痴女 桥本有菜,magnet:?xt=urn:btih:02C98CC87452964BE98D5EE58F6DD90EE97EE64E,否
FSDSS-209,FSDSS-209 [新模型无码破解]黑丝高跟大长腿 肉欲 本能 腔感 觉醒性交 桥本有菜,magnet:?xt=urn:btih:EF3272145EBCDFC1BB33C71D8F423306FB948EF5,否
FSDSS-194,FSDSS-194 [新模型无码破解]女性性器玩弄到麻木 大量绝叫 恶质性感开发精油沙龙 桥本有菜,magnet:?xt=urn:btih:BC70F9CA4D5503A1348F6F13B641BD04F27F067E,否
FSDSS-127,FSDSS-127 [新模型无码破解]适婚姐姐喜欢大肉棒和成年男不停做爱 桥本有菜,magnet:?xt=urn:btih:8286DFD3DDEF900D750812AC5D1AA58F4D97DAD2,否
SNOS-056,SNOS-056 [新模型无码破解]在平凡日常中因酒醉越界的男女放纵周末 赤裸真实又普通 却反而最色情的性爱 河北彩伽,magnet:?xt=urn:btih:4017CC2D03B01CBFE9C5380C3BB83B914B3A0EF3,否
FSDSS-111,FSDSS-111 [新模型无码破解]完全不需要动躺着享受超可爱女优的泡泡浴服务 桥本有菜,magnet:?xt=urn:btih:2BAC0269FF3CAA5C66895207FBBB74940470CD40,否
FSDSS-098,FSDSS-098 [新模型无码破解]给可爱女优的三天自拍任务由她带着相机决定这次拍摄的内容 桥本有菜,magnet:?xt=urn:btih:BD323CF70B93AE4E309DADC723659390A7100924,否
FSDSS-078,FSDSS-078 [新模型无码破解]禁欲半个月的我在女友不在的这几天和她的小恶魔姐姐疯狂做爱 桥本有菜,magnet:?xt=urn:btih:504C3D94E8883177635AE78E255FDDFED1F200B5,否
FSDSS-069,FSDSS-069 [新模型无码破解]可爱女优的口交试炼给对方带去舒适温馨安全感十足的完美口交 桥本有菜,magnet:?xt=urn:btih:D28B4D2164DC1DD08F4992E9C1D9D7C8888FCF41,否
MIDA-445,MIDA-445 [新模型无码破解]完全没有剧本 被禁欲一个月 得到释放之后像个野兽一般疯狂求干的大乱交 宮下玲奈,magnet:?xt=urn:btih:595413A728004CF319D3AA2325E14A32372EE278,否
FSDSS-055,FSDSS-055 [新模型无码破解]第一次对桥本有菜的完全解析拍摄 手淫口交做爱技巧全部展示 桥本有菜,magnet:?xt=urn:btih:6F4A18EC02C0825967B2F34FA19000C33785A852,是
FNS-129,FNS-129 [新模型无码破解]即使被颜射也始终保持微笑 神级应对的粉色沙龙兔女郎追击口交服务 吉高宁宁,magnet:?xt=urn:btih:740FFFF7F81A59663BFBEF527212956FB9778CDF,否
DASS-777,DASS-777 [新模型无码破解]真正沉溺于肛交的女人 贪婪全力特别篇 北野未奈,magnet:?xt=urn:btih:0BB97F205C413FE0E937FA4E3C5F4FCEC51629C8,是
DLDSS-385,DLDSS-385 [新模型无码破解]婚后无性生活的巨乳少妇 被姨妈推荐去了女性专属风俗店- 小野夕子,magnet:?xt=urn:btih:3809162B2D9BFE84C1BACD7ACDA213C4B15A698C,否
DLDSS-346,DLDSS-346 [新模型无码破解]给搬家公司打工的人妻NTR：我背着丈夫与那些身上汗味超浓 小野夕子,magnet:?xt=urn:btih:C5D17097AA941DEC424B429906AF12C966E63A2F,否
DLDSS-333,DLDSS-333 [新模型无码破解]因为过于兴奋乳头高高挺立 巨乳酒吧姐姐的浓密深吻和性感内衣丝袜的无限诱惑 小野夕子,magnet:?xt=urn:btih:BB4C5353A8D90FC904A0AB51EF602E95CAB36364,否
CHN-037,CHN-037 [新模型无码破解]新・绝对美少女 出租中 桃谷绘里香,magnet:?xt=urn:btih:F650803C19323ABACA0FA8C4621C77715C90910F,是
PRED-832,PRED-832 [新模型无码破解]淫语喘息一发 两发 三发帮你挤出来的回春男士按摩 中出OK 追击23发 山岸绮花,magnet:?xt=urn:btih:51DC1086FC45DC1D07A78ABC00562B72B28E7A12,否
PRED-829,PRED-829 [新模型无码破解]仅限插进小穴十秒 因为太过舒适了 她以骑乘位疯狂地做爱 楪可怜,magnet:?xt=urn:btih:A3F6E684082D8159139BD7A9AB8BC4B52EAF1A4E,否
MIDA-474,MIDA-474 [新模型无码破解]跟青梅竹马辣妹见面 内射14次的乡村生活 Unpai,magnet:?xt=urn:btih:026204E3F86EDB68C29255CC3D7BA0ED379BFE90,否
MIDA-443,MIDA-443 [新模型无码破解]仰视小穴的极致高潮 纤细肉体的质感与潮吹 七泽米亚,magnet:?xt=urn:btih:835EA2C6F48CC85363E485425E3BDC1BABC12A55,否
PPPE-392,PPPE-392 [新模型无码破解]我和你妈结婚的理由就是为了得到你 趁着妻子回老家的一周 继父用大肉棒抽插调教 楪可怜,magnet:?xt=urn:btih:48EE360BF9B5CD004BE9FE706BADC241427DD321,否
MIKR-069,MIKR-069 [新模型无码破解]让妻子穿上校服回味青春 超兴奋下做爱连续内射 森日向子,magnet:?xt=urn:btih:CEC4702A504EF26EFD2F020D0A5416B8880E691B,否
ABW-366,ABW-366 [新模型无码破解]恍惚的高潮表情 高潮升天到忘记自我 3本番 凉森玲梦,magnet:?xt=urn:btih:DD6DF76F15D64B1656AFE6154F12A2B6451C9B69,是
ABW-314,ABW-314 [新模型无码破解]绝对要再来哦！新感觉！连续发射应援特化AV 凉森玲梦,magnet:?xt=urn:btih:583C1DAC52CCDE053F8A381BA3FC80D235E52664,否
ABW-232,ABW-232 [新模型无码破解]被学校最可爱的学生射精管理 被抖S女高中生每天撩拨的中年教师 凉森玲梦,magnet:?xt=urn:btih:66D5E424A7C21A253212173119A21A00F241E77C,否
DLDSS-320,DLDSS-320 [新模型无码破解]邻居家的巨乳少妇来借用我的浴室！在42度的水温里汗流浃背的浴室性爱 小野夕子,magnet:?xt=urn:btih:9AB44F107468C2021F04E11BDB74B386DDDD506B,否
DLDSS-317,DLDSS-317 [新模型无码破解]H罩杯美乳加上淫语把大脑酥到短路、射精次数都快失控的超高级-小野夕子,magnet:?xt=urn:btih:A3712A10B2B210E5DC30840A9EC974A75C6978F0,否
DLDSS-313,DLDSS-313 [新模型无码破解]颤抖的巨尻、摇曳的巨乳的少妇跑者・用超强臀腿力量缓慢深蹲式骑乘位插入 小野夕子,magnet:?xt=urn:btih:FF5076959FBB65CEEFAB66FE4AF836F9DD049339,否
DLDSS-311,DLDSS-311 [新模型无码破解]在自己家开的沙龙里与虽是废物但性爱契合度最高的前男友相遇后，小野夕子,magnet:?xt=urn:btih:303D75856BEEFB73F9DC14893CC995F94E0D328A,否
DLDSS-310,DLDSS-310 [新模型无码破解]勾引住在隔壁的小处男：大奶姐姐用骑乘位把他的那根超绝伦大屌疯狂榨干。 小野夕子,magnet:?xt=urn:btih:35133A4E432428B09C719CA14F1CC55B7497FF95,否
MIDA-478,MIDA-478 [新模型无码破解]「把小穴露出来我就原谅你哦」用猥亵手段威胁着寡言的巨乳偷窃女高中生 水卜樱,magnet:?xt=urn:btih:968901BF16DFF248C696593DFD92E095F765195C,否
ABS-100,ABS-100 [新模型无码破解]情人套房 立花美凉,magnet:?xt=urn:btih:239A292E3EC52675BC96343332770778CAF6DEE8,否
ABS-051,ABS-051 [新模型无码破解]享受校园性爱生活 立花美凉,magnet:?xt=urn:btih:16D7557BAF6BF41B428E126C7289ABE2B88163E8,否
ABP-454,ABP-454 [新模型无码破解]职场OL穿着丝袜高跟与同事在公司内偷情做爱 上原瑞穂,magnet:?xt=urn:btih:79D135AF27E9137B63311B1FF2B8336E2E14EA5E,否
ABP-393,ABP-393 [新模型无码破解]对学员发情的健身教练 上原瑞穂,magnet:?xt=urn:btih:0DCB0369755E733A619A7566DA4C824F0EEB6E22,否
NMSL-032,NMSL-032 [新模型无码破解]刚出狱的S级巨乳美女 被损友粗暴NTR！告白后却传来“我怀孕了”北野未奈,magnet:?xt=urn:btih:F05B106E420D92F3D037E75C88FF858303414045,否
MIDA-493,MIDA-493 [新模型无码破解]奇迹的原石 AV DEBUT 井上桃,magnet:?xt=urn:btih:A529D498033CFB96D322154A58D93804ABF391BD,否
MIDA-479,MIDA-479 [新模型无码破解]亲手抚养长大的可爱继女玲奈 竟敢和男友放肆地做爱 宫下玲奈,magnet:?xt=urn:btih:E40611A8A4C609B758D44AE0228780547BD164EB,否
ABP-361,ABP-361 [新模型无码破解]工作的痴女系小妹 上原瑞穗,magnet:?xt=urn:btih:127F7A4AD086E7619CDF7768D1FD0FEA60FDCAF5,否
JUR-530,JUR-530 [新模型无码破解]穿上华丽的性感内衣 被唾液与精液玷污的人妻保险销售 新妻优香,magnet:?xt=urn:btih:C62A190A69211FD0132448E44A41FEE1878F9A9A,否
ABP-340,ABP-340 [新模型无码破解]绝顶性感内衣 冬月枫,magnet:?xt=urn:btih:A23839AA33F7B77804CB4FD82A002BA3BA1337C3,是
ABP-171,ABP-171 [新模型无码破解]女朋友美女姐姐的诱惑 桃谷绘里香,magnet:?xt=urn:btih:F93550484EFE5EBBC1D8F1DB83C2737BDE111B33,是
ABP-145,ABP-145 [新模型无码破解]浓密接吻与欲情舌吻性交 桃谷绘里香,magnet:?xt=urn:btih:60B2D94CEC8BDBBD461C71DC44E539CF02C62739,是
ABP-138,ABP-138 [新模型无码破解]超高级风俗服务侍奉你爽快射精 桃谷绘里香,magnet:?xt=urn:btih:AAF016AB9398BD46216275A5E803B7DBE9D05BC5,是
SNOS-046,SNOS-046 [新模型无码破解]请不要对我的女儿下手 在女儿身边的母亲 接受了色狼的侵犯 奥田咲,magnet:?xt=urn:btih:9949AC81EBA1AB46B63845388C8783E7445DDEAA,否
SNOS-017,SNOS-017 [新模型无码破解]私生活淫乱到不行 假期的真实模样 没有剧本 原汁原味的自拍性爱 金松季歩,magnet:?xt=urn:btih:5AAAAFC9734D3D4CCB11C0206E93DE0EC11E8405,否
IPZZ-728,IPZZ-728 [新模型无码破解]女朋友的辣妹姐姐 醉酒就会变成吻魔 密接湿吻做爱内射十八发 西宫梦,magnet:?xt=urn:btih:B20743763D1B2B52A012AA6B7F4C16E146D05CBE,否
ABP-119,ABP-119 [新模型无码破解]一泊二日.美少女完全予约制 桃谷绘里香,magnet:?xt=urn:btih:5E6DCA6BFD0A88691749336899765FCD3B738680,是
ABF-266,ABF-266 [新模型无码破解]用神级身材 挽救快倒闭澡堂的看板娘 涼森铃梦,magnet:?xt=urn:btih:AFAF5C6391C40BA85184A9583B0A4C6715C47A9D,否
SNOS-049,SNOS-049 [新模型无码破解]在一家女性职员只穿内衣的内衣公司 优秀的女上司为提高业绩 每次勃起都给我撸 miru,magnet:?xt=urn:btih:2DE07665CD359E1CE213CF7F49A02D43EEF59B77,否
ABF-255,ABF-255 [新模型无码破解]在耳边悄悄低语 使家庭崩溃的不伦邀请 凉森铃梦,magnet:?xt=urn:btih:68D8D7288B8FB4EB3596D3FBA65EDF784DBF7F12,否
ABF-109,ABF-109 [新模型无码破解]理性丧失的小恶魔美少女疯狂玩弄老师的身心 八掛海,magnet:?xt=urn:btih:9B5F19022C951DC88E5D9332E47FDED0FDB1A60E,否
SNOS-038,SNOS-038 [新模型无码破解]AV 出道之周年纪念作品 可以和最强女主角打炮的粉丝感谢祭 濑戸环奈,magnet:?xt=urn:btih:DD9F282B9E3B623D19D06966F5F871F4676F5475,否
JUR-590,JUR-590 [新模型无码破解]绿帽老公的请求 拜托侵犯我的妻子吧 多人轮奸NTR 橘玛丽,magnet:?xt=urn:btih:E1490C924BB2F0D642C07FFE1AC597C1F043D473,否
IPZZ-793,IPZZ-793 [新模型无码破解]原明星缺爱人妻跟年下打工男性出轨 仲村美羽,magnet:?xt=urn:btih:5D5F928D80ED0DCC033C23599640796741E43873,否
IPZZ-743,IPZZ-743 [新模型无码破解]春药电车痴汉惯犯说 女学生年轻性经验少 很容易被春药性骚扰诱骗 佐佐木纱希,magnet:?xt=urn:btih:297DD3FBB5ECE5E72A112D512191C80BB7FE3CC6,否
IPZZ-735,IPZZ-735 [新模型无码破解]同学会和前男友重逢 一时鬼迷心窍开始久违的吃药性爱 樱空桃,magnet:?xt=urn:btih:3EB18ABEC5BE92FEEB0766F2E16ACA10C6951533,否
IPZZ-703,IPZZ-703 [新模型无码破解]大乱交解禁 无剪辑特别篇 总数16人 20发以上的超豪华大颜射祭典 枫可怜,magnet:?xt=urn:btih:DBFC23D67CE3A7D0D1035F9B8C1F204635EE5C06,否
DASS-821,DASS-821 [新模型无码破解]时间暂停 对这梦寐以求的女主播 恶劣痴汉 把勃起的的肉棒摩擦 白峰美羽,magnet:?xt=urn:btih:9D898FA3FE99B22987384EBF8669C85334D6EDB0,否
ABF-306,ABF-306 [新模型无码破解]超强度内射做爱 温泉旅馆 凉森玲梦,magnet:?xt=urn:btih:96B564A04068026A21774D4E7174519CDA09486A,否
SSNI-436,SSNI-436 [新模型无码破解]制服美少女桥本有菜和中年大叔在狭隘房屋内的密着交合 桥本有菜,magnet:?xt=urn:btih:DC7D2B60AD76759ECC95BC337AC32AF1BEEF5F1F,否
SSNI-413,SSNI-413 [新模型无码破解]超美腿迷你裙 性感美容师终极特写唇部沙龙 桥本有菜,magnet:?xt=urn:btih:011F7E76D5DFFE4675273F39A770E4E7E5145184,是
SSNI-392,SSNI-392 [新模型无码破解]新任黑丝女教师在未婚夫面前被学生们轮奸 桥本有菜,magnet:?xt=urn:btih:85149C94F8317C4D519515D3427A2B3F70827DA2,是
SSNI-374,SSNI-374 [新模型无码破解]连续高潮 骑乘位 坂道美琉,magnet:?xt=urn:btih:78845331ABE602B061F88DA75B7EA25C4508B08D,否
JUR-583,JUR-583 [新模型无码破解]女教师NTR 最爱的妻子被不良学生夺走了 新妻优香,magnet:?xt=urn:btih:A5E345F3DF1414869DD335407F11586D703A5EA5,否
JUQ-688,JUQ-688 [新模型无码破解]绿帽男的快乐是看着自己的妻子被人折磨中出串刺轮奸 明里紬,magnet:?xt=urn:btih:ADA2B6F418C38347480108BD095A322F4827835D,否
JUQ-245,JUQ-245 [新模型无码破解]串通轮奸 请彻底侵犯我挚爱的妻子到最深处 神宫寺奈绪,magnet:?xt=urn:btih:CCCF8782A74D674E8D69E2FA1730ADAB6FBF2844,否
JUL-792,JUL-792 [新模型无码破解]永远不会结束 被轮奸中出的日子 神宫寺奈绪,magnet:?xt=urn:btih:D336DF3A41D9EE5F9C00B1683B50F4332E8845EC,是
IPX-451,IPX-451 [新模型无码破解]被学生侵犯到精神和肉体崩坏的女教师 枫花恋,magnet:?xt=urn:btih:BF85D39C06D7B84F7157EEAB9F350A2ECBF69102,是
SNOS-030,SNOS-030 [新模型无码破解]新人教师的我无法反抗自己的学生 明日叶三叶,magnet:?xt=urn:btih:14B1D0829D554D32E08E4758BD01F9359D6148A3,否
SSNI-369,SSNI-369 [新模型无码破解]淫荡白丝护士的开裆丝袜紧身迷你裙诱惑 桥本有菜,magnet:?xt=urn:btih:C1E0F06362D50B437674928262A7D729DC1CA8CF,是
SSNI-305,SSNI-305 [新模型无码破解]制服狂热男子多次侵犯的极品水手服少女 桥本有菜,magnet:?xt=urn:btih:841B2E1959547A3076551F56DCEE3C19B246CA0F,是
SSNI-132,SSNI-132 [新模型无码破解]汗水淋漓唾液狂流淫汁性交 桥本有菜,magnet:?xt=urn:btih:65EE2EA06855E8F1E17C73F87947D3703E759B13,是
SSNI-106,SSNI-106 [新模型无码破解]粉丝感谢祭 AV偶像和24名筛选的素人男粉丝将擦出怎样的火花 桥本有菜,magnet:?xt=urn:btih:74CAB65C0AB5C4CE09B765A3DCA4894D4359FA2B,否
SSNI-036,SSNI-036 [新模型无码破解]绝对领域 过膝袜走光诱惑 桥本有菜,magnet:?xt=urn:btih:59444DB8555487DBA011B5B560D519BCFE021C42,否
SSIS-057,SSIS-057 [新模型无码破解]刚入职的新人OL是公司变态男人们的黑丝母狗 三宫椿,magnet:?xt=urn:btih:559AFFF23DCD1DC8076D7D47C67664BCE6C3C076,否
SSIS-032,SSIS-032 [新模型无码破解]发现最讨厌的女上司在粉色沙龙做兼职后立场逆转- 三宫椿,magnet:?xt=urn:btih:7BD0C47772EA47FA3F1A1427B0A44DE8A6EA7A76,是
MIKR-061,MIKR-061 [新模型无码破解]要在这种地方帮我弄出来吗？ 明明是你主动 佐佐木明希,magnet:?xt=urn:btih:6CD6895F716217B1BFB317AAAE90EA453969B309,否
SNIS-992,SNIS-992 [新模型无码破解]学生会长连遭鬼畜轮奸沦为泄欲机器 桥本有菜,magnet:?xt=urn:btih:A6D399E281993839AE75A48720AC1F41F950C4E1,是
JUR-562,JUR-562 [新模型无码破解]把我的老婆借给别人当肉便器 内射十次之前都无法回来 椎名由奈,magnet:?xt=urn:btih:A1B64EA186691AC2BAD1CC3B71D9D69833D8083F,否
START-471,START-471 [新模型无码破解]配送中NTR 新婚人妻跟着已婚老司机送货途中 在车里被强行侵犯了 小仓由菜,magnet:?xt=urn:btih:F6D3155A7818FA82920976A6C6A26C1DF743549E,否
MIMK-257,MIMK-257 [新模型无码破解]和浴池的姐姐缠绵夏天的4天 小野六花,magnet:?xt=urn:btih:FFAB557603E2F0EC54890864F98B4D94964EDDFD,否
ABF-296,ABF-296 [新模型无码破解]我是真的很喜欢做爱 和她亲密生活的两日 野野浦暖,magnet:?xt=urn:btih:899F3B329ED8F47EB6042A79BCF809D7A1F61F02,否
START-485,START-485 [新模型无码破解]极上角度 究极口交! 口交技巧完全收录SP 纱仓真菜,magnet:?xt=urn:btih:DB1186C2A2B8C52E2EB5D74FDD84EADB52B0272B,否
SNIS-419,SNIS-419 [新模型无码破解]被迫成为羞耻情趣内衣模特的女OL 天使萌,magnet:?xt=urn:btih:A92435A363B99453B2685285575D1BEBC1A7BC68,是
MIDA-463,MIDA-463 [新模型无码破解]错过末班车的两人发情 做爱到天亮多次高潮了 八木奈奈,magnet:?xt=urn:btih:25B4D7C701A3674BC791EEF4A03193797683B938,否
MIDA-436,MIDA-436 [新模型无码破解]春药依赖匆忙露出小穴 内射生活直到身体抽搐 神宫寺奈绪,magnet:?xt=urn:btih:6A6A91D3DF45820C3CD4EEE88A1680744F162F63,否
CAWD-900,CAWD-900 [新模型无码破解]不管是性处理宠物还是肉体玩具 只要主人下令就心甘情愿- 伊藤舞雪,magnet:?xt=urn:btih:926EAE19A2A08247CE4A273358024C36B38EF420,否
,FC2PPV-4744486 [新模型无码破解]限时公开 秘密珍藏5年 意外拍摄到的绝密私影像 超人气双人偶像,magnet:?xt=urn:btih:CB0D3FFE9D4910C2979EFFA339A8BE3E2AB20A90,
SNIS-381,SNIS-381 [新模型无码破解]被迫成为羞耻情趣内衣模特的女OL 明日花绮罗,magnet:?xt=urn:btih:C29B8E0C2DE9B11318BF2FB12BB4D839B93669E7,是
SNIS-281,SNIS-281 [新模型无码破解]被迫成为羞耻情趣内衣模特的女OL 奥田咲,magnet:?xt=urn:btih:4E0B43076F17255F9A0B5F2A1CA41D70EE1C4099,否
SNIS-255,SNIS-255 [新模型无码破解]被迫成为羞耻情趣内衣模特的女OL 小岛南,magnet:?xt=urn:btih:3514672803B74AE0C56073035884D5692B5CFF21,是
SNIS-237,SNIS-237 [新模型无码破解]被迫成为羞耻情趣内衣模特的女OL 梦乃爱华,magnet:?xt=urn:btih:551959FD0A1A5970482184F087B71F79EBECED22,否
XVSR-066,XVSR-066 [新模型无码破解]教我的那个家庭教师 彩乃奈奈,magnet:?xt=urn:btih:DCEFBA0C5170266B6F92FCF5F90B3D15A1AD9713,否
SNIS-970,SNIS-970 [新模型无码破解]最爱大肉棒 桥本有菜,magnet:?xt=urn:btih:B1146517D4CD3FC72F9F571EF05D13E42B262D2C,否
SNIS-609,SNIS-609 [新模型无码破解]被迫成为羞耻情趣内衣模特的女OL 园田美樱,magnet:?xt=urn:btih:8060D4124BD4689B4585BFCE637720719C8C75C0,否
SNIS-573,SNIS-573 [新模型无码破解]和S1七姐妹的同居后宫性生活 后篇,magnet:?xt=urn:btih:51F58359418C07EB99D5CAA85B2A8327B6B207B2,否
ADN-757,ADN-757 [新模型无码破解]与今年也回来的嫂子沉溺于一年一度肉体关系的一周 白峰美羽,magnet:?xt=urn:btih:18C97D9202B79E9018AEC7EDA61EAC06A1A6E9DC,否
ADN-750,ADN-750 [新模型无码破解]不可饶恕的女人 可无论被我侵犯多少次 那女人竟都试图接受我 星宫一花,magnet:?xt=urn:btih:27C7A09653C52AA5299ADA5D231B285FF7FCAFED,否
SNIS-201,SNIS-201 [新模型无码破解]被迫成为羞耻情趣内衣模特的女OL 吉泽明步,magnet:?xt=urn:btih:D563AA1AF4A5483984DA68B225DF3035B0B3BB60,否
MIDV-751,MIDV-751 [新模型无码破解]我帮你把发情的肉棒抽插一下 完全控制你的右手 淫荡护士的舔舔 桥本有菜,magnet:?xt=urn:btih:13230AF1599A30208D4B8441EB6820BEAB565363,否
MIDA-234,MIDA-234 [新模型无码破解]在丝袜公司工作的女友姐姐穿着性感丝袜勾引我中出做爱 新有菜,magnet:?xt=urn:btih:00898EB20258A7885C781C1C7FA5860797DDEC14,否
MIDA-154,MIDA-154 [新模型无码破解]叫了外送小姐来的是班上的女神 为了重拾青春给她穿上各式制服 新有菜,magnet:?xt=urn:btih:CFCEE34A4AB208DD133AFAA767688132AA0F7CCB,否
MIDA-459,MIDA-459 [新模型无码破解]终极全裸女仆 水汪汪的双眼令人心跳加速 可爱动作让人心动不已 石川澪,magnet:?xt=urn:btih:668FCA2C8FCDDCEE3849E92BC67C90748CBB8C69,否
ADN-747,ADN-747 [新模型无码破解]将缺乏性爱经验的人妻戴上眼罩 调教成彻底堕落的抖M母狗 三宮椿,magnet:?xt=urn:btih:F0B43A2990021116AC924D9D1F7B6A7B01791574,否
MIDA-134,MIDA-134 [新模型无码破解]用丝袜美腿玩弄抖M 双腿朝天的内射性爱 美丽的女教师帮助学生 仲村美羽,magnet:?xt=urn:btih:B7BB845CA09068449A25370E8B6864AF8EF4C370,否
MIDA-079,MIDA-079 [新模型无码破解]能让我练习一下吗？性感满溢的美腿姐姐开始在男士按摩店工作 桥本有菜,magnet:?xt=urn:btih:7BF1375CAB5FCA6C4EB0D6C2653443E40FCB4D79,否
MDYD-982,MDYD-982 [新模型无码破解]社区的迷人少妇被地头蛇盯上，最后在老公前面被轮奸 かすみ果穂,magnet:?xt=urn:btih:5160B971D699D4030E89F8B9310ED5A5959C1CBE,否
MDYD-972,MDYD-972 [新模型无码破解]监萦强奸女教师 佳澄果穗,magnet:?xt=urn:btih:5E5F406C0725AD0414463C3BA78AFAAE7E532815,否
IPX-398,IPX-398 [新模型无码破解]和黑丝女人妻OL出差同住一屋强上了喝醉的她干了一整晚 枫可怜,magnet:?xt=urn:btih:241E25AF201B53E65CAE3654ACDE910AF164B60E,否
FSDSS-421,FSDSS-421 [新模型无码破解]被学生威胁侵犯 成为孩子们的玩具 堕落女教师 桥本有菜,magnet:?xt=urn:btih:B2F5508F6E88B89BDEB6C898BFA802FAC2188C5F,否
DASS-510,DASS-510 [新模型无码破解]如果保健室老师和草食系男生是性伙伴关系 橘玛丽,magnet:?xt=urn:btih:113E39EA5247B87A9A5CD398E83E793D7D14837F,否
START-468,START-468 [新模型无码破解]用冷漠眼神施加职权的美人顾问 沦为性处理肉便器 彻底调教到完全服从 本庄铃,magnet:?xt=urn:btih:67E9607FD106AE2F9C782C6618E89EBF0BB3958F,否
NTRH-011,NTRH-011 [新模型无码破解]比妻子温柔一千倍的家政妇，她的胸部简直让人无法抗拒 梦乃爱华,magnet:?xt=urn:btih:3BD65B780F8C3A978374052FF7457DAFDA36CF6D,否
BF-366,BF-366 [新模型无码破解]白衣天使的告白：F罩杯女护士的绝顶潮喷性爱 林由奈,magnet:?xt=urn:btih:7A0E06970261D7DC128CF4A1D1BBC6D48F453B64,否
ABF-303,ABF-303 [新模型无码破解]只有我们两个人的甜蜜假日 两天一夜的甜蜜私密性爱 三佳诗,magnet:?xt=urn:btih:35AAC330169F79A5D9DA7BE440680067AE9C0F4F,否
ABF-301,ABF-301 [新模型无码破解] 濒临倒闭的澡堂 被可爱的老板娘用身体为客人极致服务 使澡堂重获新生 八掛海,magnet:?xt=urn:btih:75F1B52AF0FE062FEAC2CD341A859CFF57576767,否
BF-342,BF-342 [新模型无码破解]被威胁在学校拍下AV录影带的模特级身材黑丝美女教师 林由奈,magnet:?xt=urn:btih:5898B2E7E7F907D6EE8AF01A7C8A662AA02DED32,否
AVOP-127,AVOP-127 [新模型无码破解]和S1七姐妹的同居后宫性生活 前篇,magnet:?xt=urn:btih:2A1AB5B11A559E0B9B3FB6662D703307AAE11B05,是
ATID-563,ATID-563 [新模型无码破解]妻子跑去当艺术模特儿 结果被强上 三宫椿,magnet:?xt=urn:btih:8B9A0DB066552D930661242B9E2CAC51C7CE2D7B,否
ADN-582,ADN-582 [新模型无码破解]老婆成为画画模特 并被NTR了 白峰美羽,magnet:?xt=urn:btih:5151C1857D8555D85B22D18E46C52CBFE9F5CF2F,否
ABW-283,ABW-283 [新模型无码破解]顺从宠物 候补生 八掛海,magnet:?xt=urn:btih:0C633B409068FAF37AFAF56EBC52B86EE46AED63,否
ABW-209,ABW-209 [新模型无码破解]顺从宠物 候补生 美之岛惠理,magnet:?xt=urn:btih:1BA1C9D43025CC4F4A251C801B3FF9F5355D4872,否
ABP-551,ABP-551 [新模型无码破解]最初也是最后的中出解禁 园田美樱,magnet:?xt=urn:btih:54EC8A87A9BC0335E647023FD0EA8505979DD855,否
ABP-188,ABP-188 [新模型无码破解]顺从宠物 候补生 彩美旬果,magnet:?xt=urn:btih:867BC577392EF7271ED65909DA28C3043196FC4A,否
ABF-253,ABF-253 [新模型无码破解]顺从宠物 候补生 铃村爱里,magnet:?xt=urn:btih:EB9E921975626F4A847B20E3E98C962CB4B87AEE,否
ABF-087,ABF-087 [新模型无码破解]顺从宠物 候补生 凉森玲梦,magnet:?xt=urn:btih:11A04332E244F516FA5D37555456E9538A77ACE5,否
SNIS-946,SNIS-946 [新模型无码破解]小恶魔女高中生穿着校服露出内裤的诱惑 桥本有菜,magnet:?xt=urn:btih:B3E013B69ADC0D33A4158BA1A2472AB418B0EFD3,是
SNIS-923,SNIS-923 [新模型无码破解]可爱长腿女神桥本有菜失禁的大洪水一整天都在尽情的抽插潮吹 桥本有菜,magnet:?xt=urn:btih:C26A1FBC43627F3C278B65EAB245048AF9E1C163,否
SNIS-854,SNIS-854 [新模型无码破解]超爱肉棒的即刻口交女仆 桥本有菜,magnet:?xt=urn:btih:13E31371BBC7C4C5B5A98F1B6AB334ADBE8ADED3,否
SNIS-830,SNIS-830 [新模型无码破解]可爱女优浓厚接吻尽情口交享受嘴巴停不下来的性爱 桥本有菜,magnet:?xt=urn:btih:460D1FC6816054D02099C6C31DF71253F41355BF,是
SNIS-803,SNIS-803 [新模型无码破解]超可爱人气女优桥本有菜CosPlay角色扮演各种形态 桥本有菜,magnet:?xt=urn:btih:0672A61BC830FA2C3B495A0A3BB053C5E79C829D,否
SNIS-778,SNIS-778 [新模型无码破解]长腿可爱学生妹有菜 穿着学校泳装和运动短让你肏个爽 桥本有菜,magnet:?xt=urn:btih:F4CEC63071F58173166C6B91D3BC2C2C864F57B4,否
MIDV-850,MIDV-850 [新模型无码破解]修长美腿 及膝的丝袜 丰满娇嫩的小穴 欢迎中出风俗店的头牌 新有菜,magnet:?xt=urn:btih:79FAFBA05149B8A68418B9A532FA72D288D32C2A,否
MIDV-786,MIDV-786 [新模型无码破解]因为同事的工作失误 出来扛责任的我只好被命令对着女主管颜射15发 新有菜,magnet:?xt=urn:btih:9F6064D4302803187272C6C69A554863CBF76282,否
MIDV-530,MIDV-530 [新模型无码破解]用迷人的纤细美腿挑逗 足交抚摸和挑逗虐待M男肉棒的痴女空姐 桥本有菜,magnet:?xt=urn:btih:B9375DE777AABE6B6E71BFCDEDFA2410070A781C,否
MIDV-413,MIDV-413 [新模型无码破解]今天我要玩弄你的乳头哦 超抖S玩弄乳头企划 桥本有菜,magnet:?xt=urn:btih:4C70B5A34C17EE5F6379725B7007834AAE1A5866,否
MIDV-354,MIDV-354 [新模型无码破解]被可爱的长腿学生妹桥本有菜诱惑疯狂做爱的教师 桥本有菜,magnet:?xt=urn:btih:FAD5B189390708F7F65F50C6DFDCDE88B7812A16,否
MIDV-289,MIDV-289 [新模型无码破解]含住肉棒神对应突击被虐狂君的家里进行服务做爱 桥本有菜,magnet:?xt=urn:btih:11D6EEFD1550DAE63CEA31EDE9DEEA1DBC79AD83,否
MIDV-271,MIDV-271 [新模型无码破解]错过末班车的我在美女后辈新有菜家里被榨干 桥本有菜,magnet:?xt=urn:btih:595F42AAE58BB4598027DBC2CBB0D124CC990F80,否
MIDA-319,MIDA-319 [新模型无码破解]让男人疯狂的高挑美腿高开叉竞技泳装的魅力 新有菜,magnet:?xt=urn:btih:D474894EC6B3E3F347BF2CE1F5E9FED5216ECA07,否
MIDA-192,MIDA-192 [新模型无码破解]九头身性感美女 美腿 美穴尽收眼底 淫荡的言辞 新有菜,magnet:?xt=urn:btih:670F429F9B785B98737ECD908FEBD61175E99810,否
XVSR-001,XVSR-001 [新模型无码破解]十八岁美少女AV出道作 彩乃奈奈,magnet:?xt=urn:btih:48113A396C789719AD75675DB4D95139D7B91A1B,否
START-272,START-272 [新模型无码破解]厌倦都市生活的我独自旅行中来到乡下 像女神一样的巨乳美女完全肯定我 神木丽,magnet:?xt=urn:btih:5C7308794B30DDC471D8CA8E39D374165DDE754F,否
SNOS-010,SNOS-010 [新模型无码破解]史无前例 著名AV女优的视角 前性感女星与男友（职业运动员）七森莉莉,magnet:?xt=urn:btih:41E2C91DA7E2823D961540372EE4FA987EA4F50C,否
ABF-014,ABF-014 [新模型无码破解]更多爱液 120% 美之岛 惠理,magnet:?xt=urn:btih:A96B68B0FC1617009CD131734D4B571D1E5CFF71,否
XVSR-048,XVSR-048 [新模型无码破解]风俗七变化各种角色扮演Play都能玩保证让你射个爽 彩乃奈奈,magnet:?xt=urn:btih:72A1B676C880CF2DE84DEEA9F27E640D7C522E56,否
XVSR-008,XVSR-008 [新模型无码破解]美少女AV进阶体验感受性爱的快乐 彩乃奈奈,magnet:?xt=urn:btih:3238FEC4849AE787E035B009572A79467AFDED3F,否
JUR-580,JUR-580 [新模型无码破解]街道居委会NTR露营 I罩杯巨乳人妻NTR 帐篷内人妻被围攻轮上的影像 桃园怜奈,magnet:?xt=urn:btih:7C386A5F52632C653C2F833AE28D5AC00606843E,否
JUR-519,JUR-519 [新模型无码破解]朋友对我炫耀 每周和妻子做爱3天 之后我用每周5次 每次4发 合计20发 小岛南,magnet:?xt=urn:btih:5F72E7F84630D15A400C5CE0EEF12EEFB8C7DC67,否
HMN-776,HMN-776 [新模型无码破解]世界猥亵物语 香水纯,magnet:?xt=urn:btih:CA35B1D7819D577BF026089CF13F98467A61EE91,否
XVSR-115,XVSR-115 [新模型无码破解]可爱偶像光鲜亮丽的背后其实只是被圈养的宠物 彩乃奈奈,magnet:?xt=urn:btih:E88F6A016A1168DAC3639A1493162BFE37C2ABE5,否
XVSR-109,XVSR-109 [新模型无码破解]大力抽插让从圣水尽情喷射出来 彩乃奈奈,magnet:?xt=urn:btih:67D0E0CD20265EC3291241DAFD8B6D65D7BD5047,否
XVSR-087,XVSR-087 [新模型无码破解]突破极限 疯狂高潮100连发 彩乃奈奈,magnet:?xt=urn:btih:8D8312174F71BDCBB893D3C63D72AE28B894773E,否
XVSR-060,XVSR-060 [新模型无码破解]拜托了 圣女大人 彩乃娜娜,magnet:?xt=urn:btih:AE615BD2C7C5092FA93BA0E1BF8F3FA4F0F2E9F4,否
XVSR-054,XVSR-054 [新模型无码破解]只要一按铃马上出现解决问题的白衣天使护士 彩乃奈奈,magnet:?xt=urn:btih:0C41F842BA915D33D43DA0BF4336F9101C7FCBB8,否
START-232,START-232 [新模型无码破解]被海边救援队猛男征服的暑期工嫩妹大学生 神木丽,magnet:?xt=urn:btih:C8F5C8D25F12353E6DFF52522815382592DD9E68,否
START-193,START-193 [新模型无码破解]第一次健康体检 我对变态医生的下流检查感到反感 ~神木丽,magnet:?xt=urn:btih:E0B50E62A86DCA06A5B85F851716442EDEAC3B1D,否
START-126,START-126 [新模型无码破解]持续了2年的炮友联络说不再见面了…最后再见一次打分手炮 神木麗,magnet:?xt=urn:btih:CC9F961B7E98754B4C677227E4E35B2692E71484,否
START-111,START-111 [新模型无码破解]保育园送孩子后到接孩子的8小时里 与儿子足球俱乐部的教练疯狂偷情 神木丽,magnet:?xt=urn:btih:1FC79E69819179221A661D813C8D31150C69FDE8,否
START-094,START-094 [新模型无码破解]女友妹妹洗完澡不穿胸罩，心情不好找我在她体内射了几发浓精 神木麗,magnet:?xt=urn:btih:D519BE3DF6D1FE6009C1FA84F67AEE98C5D5C58D,否
SSNI-865,SSNI-865 [新模型无码破解]巨乳OL和绝赞处男上司 每周玩更大的周末性加班 三上悠亚,magnet:?xt=urn:btih:CAF582AB098382E98C8087E36AF07092C16760F8,是
SSNI-845,SSNI-845 [新模型无码破解]女友的姐姐是巨乳美女 大胆性感M游戏 让抖M的我束手无策 三上悠亚,magnet:?xt=urn:btih:5D127FA29B781405E3FEBA54C79BC0306ECAC8D2,是
SSNI-802,SSNI-802 [新模型无码破解]教师失格 暴风雨无法回家 被学生强上并拍影片 三上悠亚,magnet:?xt=urn:btih:E78013B8FA7B13249F0DA67913D81BD94CB3A8A8,是
SSNI-674,SSNI-674 [新模型无码破解]巨乳上司和处男下属 同一屋檐下旅馆内的10发射精的绝伦性交 三上悠亚,magnet:?xt=urn:btih:BC39DEC2FC1D9520D519CE790C33A4F42EE31F3A,是
SSNI-644,SSNI-644 [新模型无码破解]尽情释放性欲认真性交 异常大绝顶 三上悠亚,magnet:?xt=urn:btih:4B3C4F6034611D5DF4FD06B52E23E6B1DAE478B5,是
SNOS-034,SNOS-034 [新模型无码破解]利用孤独趁虚而入 女高中生被班主任侵犯竟感到欣喜 白上咲花,magnet:?xt=urn:btih:144C237BF322E92E67CBD310173053FC7B4A6725,否
SSNI-618,SSNI-618 [新模型无码破解]究极挑逗小恶魔绝对领域美少女三上悠亚丝袜大腿的诱惑 三上悠亚,magnet:?xt=urn:btih:EC9F61B3718F8B370AD007CCCCB3059099B6F486,否
SSNI-566,SSNI-566 [新模型无码破解]温柔服侍 真搞也O 传说级偶像酒吧女郎大回馈 三上悠亚,magnet:?xt=urn:btih:500464C9BF004355EEACC40155C663C6BA9D33CC,是
SSNI-542,SSNI-542 [新模型无码破解]NTR同校会 最爱的妻子和她的前男友的肆意的做爱出轨视频 三上悠亚,magnet:?xt=urn:btih:E982F41EEA66B87B57BA59D5C2A3780CB65ECDCA,是
SSNI-516,SSNI-516 [新模型无码破解]趁女朋友去旅游不在家的期间 和女朋友的闺蜜从早到晚一心一意的做爱 三上悠亚,magnet:?xt=urn:btih:25A1193273452860FC2CEB0EC86710288073C33F,是
SSNI-493,SSNI-493 [新模型无码破解]完全束缚 被侵犯的国民偶像 三上悠亚,magnet:?xt=urn:btih:7BF848C1C5C91CE2D357AA4832E21BC16AD33B26,是
SSNI-473,SSNI-473 [新模型无码破解]藉由按压肚皮刺激子宫来达到极限性高潮 三上悠亚,magnet:?xt=urn:btih:412F225F9B91AE8B701C3787A271B71069EF38E4,是
SSNI-432,SSNI-432 [新模型无码破解]不戴胸罩的F罩杯全力诱惑姐姐的男友 三上悠亚,magnet:?xt=urn:btih:F626FDE361FDC9A7D5FC00D1EB1175C94E67C96B,是
SSNI-344,SSNI-344 [新模型无码破解]婚后人妻欲求不满 猥琐公公趁虚而入 三上悠亚,magnet:?xt=urn:btih:2743E138DC8684B8E6176635287B2B0B7F4DEE7F,是
SSNI-322,SSNI-322 [新模型无码破解]巨根追击大乱交 激烈活塞运动超大乱交 三上悠亚,magnet:?xt=urn:btih:F772396E1460F79055960AF4B95EC256D19C9154,否
SSNI-254,SSNI-254 [新模型无码破解]超弹力胸部柔软摇曳 激情抽动强力性爱 三上悠亚,magnet:?xt=urn:btih:F28166C3D3CC9C98E73ED8EE39B52AA55A2F40CD,否
SSNI-205,SSNI-205 [新模型无码破解]令人上瘾的媚药性感带开发按摩 三上悠亚,magnet:?xt=urn:btih:2BEB01F5DF607CD5487C63F4EBDC5D323741DA4D,否
PRED-825,PRED-825 [新模型无码破解]地雷系高潮脸 无家可归女孩被花花公子带到做爱房间24发内射 楪可怜,magnet:?xt=urn:btih:39434EE40DAAB9E13AA21F5410A5F3F32E5B65F7,否
SSNI-178,SSNI-178 [新模型无码破解]本性欲望完全爆发 三上悠亚,magnet:?xt=urn:btih:B27E4A04395473AA1BD96BBF12DE485EEE6A8F2D,是
SSNI-152,SSNI-152 [新模型无码破解]集体强暴巨乳女教师 三上悠亚,magnet:?xt=urn:btih:752A688B5B873721F0A6116C9FBBCA27480A5D60,是
SSNI-077,SSNI-077 [新模型无码破解]顶尖偶像的超诱惑按摩 三上悠亚,magnet:?xt=urn:btih:C8D1D66C24466CE9A2DC17A10DF7DE8C0C836E7B,否
MIMK-260,MIMK-260 [新模型无码破解]高地位女性 彻底爱抚 被文学少女品尝 儿玉七海,magnet:?xt=urn:btih:C969F9F90411C2FF44A505BD42DF1AC42AD1253F,否
ABF-295,ABF-295 [新模型无码破解]甜蜜贴身按摩 直到最后一滴都被榨干的极致排毒 射精无限制 凉森铃梦,magnet:?xt=urn:btih:8013223AF4004D56893B9222B4F4334A97DF5927,否
START-473,START-473 [新模型无码破解]被催眠光线支配的超人气赛车女郎 神木丽,magnet:?xt=urn:btih:E81BE92D154690A7EBCCAD7CC4EAE462C6D59475,否
START-453,START-453 [新模型无码破解]寻找小仓由菜的特辑 小仓由菜,magnet:?xt=urn:btih:63263E6B1BA2CF0E7DB5DDA8BC96CE73665C95E5,否
PRED-828,PRED-828 [新模型无码破解]淫荡吸吮！两个比闺蜜还饥渴的淫荡女孩- 竹内有紀 山岸逢花,magnet:?xt=urn:btih:145864075E45646D52831F842F53B13BC0191F5B,否
MIDA-444,MIDA-444 [新模型无码破解]看似朴素却惊人脱衣的裸体模特展现绝妙身材 会 水卜樱,magnet:?xt=urn:btih:CB0635BE6AF23593B67181437D26F0EF36D3ACBA,否
MIDA-405,MIDA-405 [新模型无码破解]在看守所的密闭房间 一边轻声说着超色情的淫语 一边玩弄对方乳头 七泽美亚,magnet:?xt=urn:btih:EAF7BEA8FD536E83995430D0D66904ABB35B3DDD,否
SSIS-839,SSIS-839 [新模型无码破解]顺从又听话的美丽宠物 河北彩花,magnet:?xt=urn:btih:0BE8BC33D5E37FA15A6A6F67901521EBE1ADD072,是
SSIS-777,SSIS-777 [新模型无码破解]东京都内某处被淫荡玩弄20个小时 三上悠亚,magnet:?xt=urn:btih:C97B5F320D1C85D8BC8CA2EE099B2AE354464D95,否
SSIS-698,SSIS-698 [新模型无码破解]三影后梦幻共演 新有菜 相泽南 三上悠亚,magnet:?xt=urn:btih:4BE76A6661B2214B21E0C704BF8091CA786D3FD2,是
SSIS-604,SSIS-604 [新模型无码破解]超鲜明4K器材拍摄 丰满美体和压倒性的肉感美颜性交 三上悠亚,magnet:?xt=urn:btih:06948A038C09AD456E9368F9A50F93E624C80E36,否
SSIS-477,SSIS-477 [新模型无码破解]黑丝 网袜 JK制服 超级自慰协助 三上悠亚,magnet:?xt=urn:btih:94FBFD2AB586CF2061304834EE368823076BB3CB,否
MIKR-059,MIKR-059 [新模型无码破解]夜间泳池NTR 和闺蜜一起去玩的美艳女友 被绝伦大肉棒调教成发情雌性 森日向子,magnet:?xt=urn:btih:E4FDCAFDAAB9F1A7ECD6A451ED748806CD18041C,否
SSIS-448,SSIS-448 [新模型无码破解]和完美女友的同居性生活 三上悠亚,magnet:?xt=urn:btih:A641B6A90A0F34B709EE6FFF8887DC1C68E05449,是
SSIS-419,SSIS-419 [新模型无码破解]初体验是三上悠亚 从失去处男那天起就一直做爱的生活 三上悠亚,magnet:?xt=urn:btih:129DAEB4D3C9A4AA22FE3EB541030005A97C233C,否
SSIS-413,SSIS-413 [新模型无码破解]即使射了10发 即使到了早晨 也仍然想继续被玩弄 河北彩花,magnet:?xt=urn:btih:DEA9C9362206E4DFFF0DACEEAEDD7639CF74230A,否
SSIS-365,SSIS-365 [新模型无码破解]前所未闻的整人AV大作战 贴身采访一个月 找到机会就来个突然插入 三上悠亚,magnet:?xt=urn:btih:C9E248FF80985A5255C0924E47DE4AB46EDE661C,是
MIDA-439,MIDA-439 [新模型无码破解]传奇AV女优新有菜 最后的引退之作 新有菜,magnet:?xt=urn:btih:5DC047B87FE2F9D7EACA1D786AD4FA3D4FE110E4,否
SSIS-338,SSIS-338 [新模型无码破解]既不干涉工作也不干涉家庭 只追求性爱的理想关系 最好的情人 三上悠亚,magnet:?xt=urn:btih:2C5B520DEE119A755F7334306D60E83B42421D86,否
SSIS-270,SSIS-270 [新模型无码破解]疯狂挑逗男人乳头的性爱小恶魔 三上悠亚,magnet:?xt=urn:btih:18A81D9F9927CE10FD8F1668283A9CF287083ED1,是
SSIS-211,SSIS-211 [新模型无码破解]潜入地下风俗 要是面前的风俗女是超人气AV女优 那么上还是不上呢 三上悠亚,magnet:?xt=urn:btih:C7236A156C394C3D66A8AF875A0DE5C2AC35EE15,否
SNIS-825,SNIS-825 [新模型无码破解]国民女神移籍S1后迎来大量颜射招待 三上悠亚,magnet:?xt=urn:btih:4E1FBAE7A4425B6B0A3ABC7FC42663368C9C5232,是
SNIS-786,SNIS-786 [新模型无码破解]S1首秀性爱四本番 三上悠亚,magnet:?xt=urn:btih:F6827F2063B36D13999DA4E8360A836F254496BA,是
SSIS-181,SSIS-181 [新模型无码破解]老公出差的3天里逐渐爱上被色魔公公强暴的感觉 三上悠亚,magnet:?xt=urn:btih:2977EDE2F5DD11F04652F9DB6FE67F8331EB5E79,是
SONE-267,SONE-267 [新模型无码破解]超美的巨乳上司私下里是我放荡的完美情人 小宵虎南,magnet:?xt=urn:btih:3ABE27698A124EB59E09316AB88DB616750718BF,否
SONE-228,SONE-228 [新模型无码破解]黑丝美女教师通勤电车上被痴汉性骚扰 最终沉迷其中无法自拔 河北彩花,magnet:?xt=urn:btih:BF29ECD527C147EB405026A5D3559101DB0EB721,否
SONE-071,SONE-071 [新模型无码破解]护士呼叫器是舔·吸·吮·含·咽的信号 多次让人射精的舔舐痴女护士 河北彩花,magnet:?xt=urn:btih:3093A454A11F028B88D33A8F629C20E88B41A448,否
SONE-028,SONE-028 [新模型无码破解]胁迫新人女教师让她穿上色情泳装并且强暴轮奸了她 小宵虎南,magnet:?xt=urn:btih:5174B977579BDA6CCFCDE108E8DF21059E68A680,否
ADN-737,ADN-737 [新模型无码破解]漆黑的情人契约 不曾想爱上的男人竟是黑道中人 三宫椿,magnet:?xt=urn:btih:73FA47B949C57D77AC9AFD1789DCBD3663428938,否
IPZZ-077,IPZZ-077 [新模型无码破解]与最棒的美女口水交缠 粘粘的浓厚接吻性爱 三上悠亚,magnet:?xt=urn:btih:5894501C2FB39106198847840F87AFD8354D012F,否
ABW-324,ABW-324 [新模型无码破解]各种玩具调教被拘束的傻梦 高跟黑丝站立后入 轮流颜射 凉森铃梦,magnet:?xt=urn:btih:D4B612A1A6C95FD858792A58AAA610CD64C932BC,是
ABW-286,ABW-286 [新模型无码破解]让绝色女优穿上各种情趣丝袜激战做爱 史上最强高潮喷射 凉森玲梦,magnet:?xt=urn:btih:9876E3EA9321033240008DB8AE5E6D407BAE8858,否
ABW-187,ABW-187 [新模型无码破解]120%超强淫水榨取 凉森玲梦,magnet:?xt=urn:btih:5175EB9E7DEFFB1FB94C060EC78969946E76C4F8,否
ABF-254,ABF-254 [新模型无码破解]无套内射解禁 释爱丽丝,magnet:?xt=urn:btih:D92EFE404AB757ABF45F2961B332C4666695456B,否
IPZZ-756,IPZZ-756 [新模型无码破解]真正的明星理性崩溃 十种春药让身体高潮了 仲村美羽,magnet:?xt=urn:btih:0DAF19D5BAEA73D3CF417514FE1725A91A6B92F8,否
IPZZ-727,IPZZ-727 [新模型无码破解]淫女学生捉弄老师 深喉口交做爱 佐佐木纱希,magnet:?xt=urn:btih:9E672DB2B7E9033939CD51231CFD974C7D7777DB,否
ABW-096,ABW-096 [新模型无码破解]绝美内衣系列 展现完美身材的极上性爱 凉森玲梦,magnet:?xt=urn:btih:C02824990DD1A268401A04E975CC52F632A5213F,是
ABF-246,ABF-246 [新模型无码破解]自以为是的高傲OL被欺骗到酒店开房强暴调教 最终堕落成大家的抖M母狗 凉森铃梦,magnet:?xt=urn:btih:99744E54E67BCA0A26256D52EA4AA7554A0E0BBF,否
SNOS-014,SNOS-014 [新模型无码破解]想为社会做贡献的介护员姐姐 为了帮助社恐宅男自立 奥田咲,magnet:?xt=urn:btih:E6E38CA8630AC6F0C760AB695C115C27FA955DC6,否
JUR-538,JUR-538 [新模型无码破解]公司旅行中 只给妻子一条毛巾就让她进了猛男云集的男澡堂 橘玛丽,magnet:?xt=urn:btih:34DFF5EB056CBE0B938F74C2648FAAB036B1DB79,否
JUR-513,JUR-513 [新模型无码破解]背德的NTR影院包房 被低俗男人丑陋肉棒玷污的贞淑妻子 白石茉莉奈,magnet:?xt=urn:btih:359C5CB706CBB9D7FD40E9268597DBDBE994D3E0,否
IPZZ-719,IPZZ-719 [新模型无码破解]首次解禁群交颜射 IdeaPocket旗下传奇系列时隔8年强势回归 樱空桃,magnet:?xt=urn:btih:A9E975569CC92D52B307EDB7D32DC709018BBBA7,否
DASS-820,DASS-820 [新模型无码破解]媚药发作到浑身发汗发情 不自觉张开下流八字腿 白峰美羽,magnet:?xt=urn:btih:842F85C5519F30D7D830D498F8686BA11DD04986,否
JUR-554,JUR-554 [新模型无码破解]被丈夫的年轻上司调教成专属≪乳奴隶≫的我 神宫寺奈绪,magnet:?xt=urn:btih:644B109E28EB950100DE1CC444C740E58D51C80A,否
IPZZ-744,IPZZ-744 [新模型无码破解]呼叫护士24小时随时口爆OK 超爱即尺的痴女吮吸护士 藤咲舞,magnet:?xt=urn:btih:DFB3327E232EEF9993C9DE1E15C8874AFE7CD32E,否
IPZZ-717,IPZZ-717 [新模型无码破解]在酒吧被美女辣妹勾引直接去酒店 结果她嗑药上头 性欲无底洞 西宮梦,magnet:?xt=urn:btih:A1834B9B617A5324B7E7184236B89C03F9077B99,否
SNOS-006,SNOS-006 [新模型无码破解]亲眼目睹承憧憬的美女秘书被社长侵犯 明明觉得绝对不可原谅 明日叶三叶,magnet:?xt=urn:btih:C1EDFE68BFF28941D627D3A72D8D6F8E96361D5F,否
JUR-531,JUR-531 [新模型无码破解]女上司沉沦于扭曲的刺激与调教 SM背德性交 藤浦惠,magnet:?xt=urn:btih:D13CF13C606499E76688B6FDD6810A6F3A873FA3,否
ABF-208,ABF-208 [新模型无码破解]恋物癖会所内的高级情趣内衣女郎火热做爱 凉森玲梦,magnet:?xt=urn:btih:41E2DE271EB100CA4E1AB66A186DE6BD55220695,否
ABF-188,ABF-188 [新模型无码破解]把凉森玲梦放在只有男人的工厂里 凉森玲梦,magnet:?xt=urn:btih:AEBFDD6202982DBA0620F2F1D701ED0C21115821,否
ABF-149,ABF-149 [新模型无码破解]女运动员被潜记录 三次汗流浃背的性爱训练 凉森玲梦,magnet:?xt=urn:btih:59AAC9FA1A8F5BB92558BA2761C8991987560C9E,否
IPZZ-751,IPZZ-751 [新模型无码破解]同学会那夜 借着醉意重返怀念的母校与两位一直倾心于我的青梅竹马- 西宮梦 miru,magnet:?xt=urn:btih:E2F40A819AAD2EBC533E73B134070EA1F46506C9,否
IPZZ-740,IPZZ-740 [新模型无码破解]相隔十年重逢 如今身为国民偶像的发小居然是个用内裤诱惑 山田鈴奈,magnet:?xt=urn:btih:577C6336E1BFA9FA530ACAC3DB754DB1B02417B8,否
ABF-137,ABF-137 [新模型无码破解]子宫想要恳求体内射精 绝对要生小孩 爱爱的新婚生活 凉森玲梦,magnet:?xt=urn:btih:7178FD321B47C6A78AB802E2547E780D7BC64BF9,否
ABF-105,ABF-105 [新模型无码破解]绝对忠实秘书 凉森玲梦,magnet:?xt=urn:btih:CFB3E7034D41C08F2EB63C1754727EE0661082F5,否
ABF-087,ABF-087 [新模型无码破解]我的女友是别人的顺从宠物 凉森玲梦,magnet:?xt=urn:btih:159FB918368ADE48698C1460037FABACA9754E2D,否
SONE-991,SONE-991 [新模型无码破解]最强女主角成为我的专属女友 日夜缠绵的甜蜜半同居生活 濑户环奈,magnet:?xt=urn:btih:394C82B8B0341E7BAEB1AB762CD6D6CF83EF6757,否
START-090,START-090 [新模型无码破解] 人美心善的志愿者上门帮助肥宅打扫卫生顺便做性欲处理 小凑四叶,magnet:?xt=urn:btih:81D74C2E01614B06311DAB5994248971F5DB6E3B,否
START-070,START-070 [新模型无码破解]H-cup双乳始终保持紧密接触，性爱中全力为您服务--无限射精回春。神木麗,magnet:?xt=urn:btih:BC3A10D91E9B5CC0489209CC8DF97FE56B54FE46,否
START-053,START-053 [新模型无码破解]被丈夫的继子当作发泄积压欲望的工具 沦为性欲处理的玩物 小湊四叶,magnet:?xt=urn:btih:263AB35C4FE8C9A7D7C3EF7FF83A44E1AECC7122,否
START-046,START-046 [新模型无码破解]新妻搬入高级公寓沦为有钱男玩物被调教成性玩具 神木麗,magnet:?xt=urn:btih:8ED524D7AA5FA0F37B517579EB98FF7062855763,否
START-039,START-039 [新模型无码破解]原创分享系列·上司出差被下属嫩妹诱惑出轨温泉旅馆滚床单 小湊よつ葉,magnet:?xt=urn:btih:4A2272BDC60734F2064FDBC11CA80253E1F60755,否
START-008,START-008 [新模型无码破解]美乳正妹被下安眠药酒醉轮流狂插內射 小仓由菜,magnet:?xt=urn:btih:A24FB9568F2E94917B16ADD7EBDD5B6F1170FDFD,否
STARS-508,STARS-508 [新模型无码破解]娴熟的淫技完全释出 现在的我 是好色下流的女人 古川伊织,magnet:?xt=urn:btih:4E7CAF20B136068AB25563F681782601BF049935,否
SSNI-992,SSNI-992 [新模型无码破解]和憧憬的上司星宫一花共处一室为契机 在乡下旅馆被迫射精的我 星宮一花,magnet:?xt=urn:btih:7B1616957CEC94DF4863786B78B867BD389628DA,否
START-464,START-464 [新模型无码破解]高学历的千金小姐爱上肥胖中年男子 本庄铃,magnet:?xt=urn:btih:8771FFECD13D88C7E159AE6E390258F552A99C57,否
SSIS-387,SSIS-387 [新模型无码破解]彩花的口交颜射-河北彩花,magnet:?xt=urn:btih:5748206932B8BDFD328D29A6569AE2538210F139,否
SSIS-361,SSIS-361 [新模型无码破解]一月禁欲苦难耐 香汗淋漓放肆爱 河北彩花,magnet:?xt=urn:btih:937B08C958641B2ED5453799E01A05AC70047E8C,否
SONE-687,SONE-687 [新模型无码破解]女神被灌醉后轮奸至高潮迭起 最后沦为肉棒的奴隶-河北彩花,magnet:?xt=urn:btih:798E6307E994CF93DAA94C0FED9C717B9F124DAE,否
SONE-563,SONE-563 [新模型无码破解]20年纪念！尽情射吧我们可是传说级的口爆技师！本郷爱 河北彩伽,magnet:?xt=urn:btih:628FC9EC80636E5707F2C0976F77CA7D3CFC7737,否
MIDA-461,MIDA-461 [新模型无码破解]情侣按摩店NTR 在男友身边 我被迫一次又一次地达到高潮 小野六花,magnet:?xt=urn:btih:B68AD439FAC98A6F1132C19613029AAA4C6F3F2B,否
MIDA-426,MIDA-426 [新模型无码破解]从167名申请者中选出一家幸运公司举办奶油派粉丝答谢节 葵伊吹,magnet:?xt=urn:btih:37B7B2ED4E50A3221D9D9BA2F41B3E8161510BF9,否
MIDA-410,MIDA-410 [新模型无码破解]傲娇的亲妹妹当我专属女仆的三天里被我的大肉棒教育 松本一香,magnet:?xt=urn:btih:17D69261A32A2268C41147631DFC882EA44BB735,否
ABF-292,ABF-292 [新模型无码破解]蚊香社专属新人女优那无穷无尽的色欲好奇心彻底爆发第二章 三佳诗,magnet:?xt=urn:btih:0F096E0CE9B6260E6820D2DF6CCC43C3FFF175AD,否
ABF-290,ABF-290 [新模型无码破解]温泉旅馆的过激内射 尽情享受极致紧致的阴道 八掛海,magnet:?xt=urn:btih:CDE0A36841CEEE56F216F5B0F5C99E159F13B5A2,否
SONE-561,SONE-561 [新模型无码破解]S1二十周年纪念AV 业界史上最强合作 SUPER VVVIP乱交派对 河北彩伽,magnet:?xt=urn:btih:87627517FEB631CC0A1DFCA22061D37CBEF2AEEE,否
SONE-543,SONE-543 [新模型无码破解]在爱人面前被侵犯的背德感 可能在公司内暴露的刺激 河北彩伽,magnet:?xt=urn:btih:23B9D2CE65AE24E076A600A4871937C2E0406016,否
SONE-499,SONE-499 [新模型无码破解]魅惑学生神魂颠倒 无法自拔的游泳部顾问 河北彩花,magnet:?xt=urn:btih:62A7E671804A5D1D72C3497A4FA76A0686F8D8CC,否
SONE-454,SONE-454 [新模型无码破解]极度销魂 用尽一切手段让河北彩伽高潮迭起 河北彩花,magnet:?xt=urn:btih:0EE522AEE1CFAD7CCC42BF560B4CADA59F8F661D,否
SONE-405,SONE-405 [新模型无码破解]教职人生27年 被最美的女学生求爱诱惑 我的人生即将要毁了 河北彩花,magnet:?xt=urn:btih:223C9E2CCD8C97C46CDF50E595901864382BED2E,否
NMSL-028,NMSL-028 [新模型无码破解]森沢佳奈 奴隶妻子绝望与禁忌的再就业,magnet:?xt=urn:btih:BDA1F969BD0CDEC017BB1DB0C21C6146EE43619B,否
MIKR-055,MIKR-055 [新模型无码破解]复活 独家佐佐木明希 AV回归 美丽成熟的姐姐你喜欢吗 佐佐木明希,magnet:?xt=urn:btih:FE07A6CCB6A3CCD1AE2959236300CA7E0F1F0E3E,否
MIDA-428,MIDA-428 [新模型无码破解]在烟火大会上突降暴雨 我与已订婚的老师躲进同一间客房 八木奈奈,magnet:?xt=urn:btih:813128ADB0B573514390A9FA30088C3C3F3A45EB,否
CAWD-890,CAWD-890 [新模型无码破解]我一直以为痴汉是重大犯罪 却不知不觉变成了会主动渴望被痴汉的身体 伊藤舞雪,magnet:?xt=urn:btih:BB1B79D05CDCB2D8C34ED35ABC2A6993C5459A63,否
ADN-746,ADN-746 [新模型无码破解]那位对我爱答不理的高冷御姐 得知我恋爱后竟然嫉妒到强吻 白峰美羽,magnet:?xt=urn:btih:8A1C21D155D7F57476BF2EEF2401208EEBA6F138,否
ADN-740,ADN-740 [新模型无码破解]被住在隔壁的男人反复侵犯的独居OL 星宫一花,magnet:?xt=urn:btih:BB3F2D1A65209B7708ED3B368F9DB8CBD623DE36,否
SONE-360,SONE-360 [新模型无码破解]被义父RAPE后的清纯人妻 河北彩伽,magnet:?xt=urn:btih:94691512748BF8E3A6DD4702D27F51A0B4F81C75,否
SONE-200,SONE-200 [新模型无码破解]感性、贪婪的性爱，不是一次射精就能满足的。河北彩花,magnet:?xt=urn:btih:074176AA8BDA83FE484D3C40B1127EAD7BB63259,否
SONE-153,SONE-153 [新模型无码破解]忍不住和女友的闺蜜偷情做爱，她居然是我喜欢的AV女优-河北彩花,magnet:?xt=urn:btih:DCAA53817D74E675084B850084B0AC00F89FA0B0,否
MIDA-387,MIDA-387 [新模型无码破解]被实行室内真空露出健康法的卫生委员长无自觉诱惑 石川澪,magnet:?xt=urn:btih:B98CEA6D833E69D3ED6FA2AD80A01A74919A7518,否
SAME-166,SAME-166 [新模型无码破解]快要结婚的OL因穿着对上渣男性癖的丝袜惨遭强暴 神木兰,magnet:?xt=urn:btih:4CD342AA77409831E4C025681AFA7CF3EAFD57F8,否
PRED-696,PRED-696 [新模型无码破解]性欲旺盛的淫荡护士 主动骑在患者身上 屁股 乳头 逼逼在身上摩擦 星宫一花,magnet:?xt=urn:btih:9DAB3D9419DEA26D857EF063B9CCC7CB41B297FF,否
PRED-139,PRED-139 [新模型无码破解]追击口交达人 十发饮精 深田咏美,magnet:?xt=urn:btih:A2C75C09AA104B0F4B10FC7F885A00BE95B66C68,否
MIDV-786,MIDV-786 [新模型无码破解]因为同事的工作失误 出来扛责任的我只好被命令对着女主管颜射15发 新有菜,magnet:?xt=urn:btih:6A27231919A8B748B102F9FA2B9620AE1ECDBDD0,否
MIDV-287,MIDV-287 [新模型无码破解]喜欢对想射精的敏感肉棒进行长时间的清理口交的美女护士 八木奈奈,magnet:?xt=urn:btih:6BD7D83D3073682AE5B3C3DBC446D03D10D47C61,否
MIDV-269,MIDV-269 [新模型无码破解]和与自己商量出路的重要恩师在母校重逢 满满唾液 汗水 八木奈奈,magnet:?xt=urn:btih:C6D5454062BE5EEC1E16020772F23ED155C4EF14,否
MIDV-250,MIDV-250 [新模型无码破解]沉默寡言的义姐 无自觉的巨尻诱惑 无法忍耐后的暴走后入活 八木奈奈,magnet:?xt=urn:btih:0BAE7E3AE9ECF59F0F28ED40E3FB7F61D94DC916,否
MIDV-032,MIDV-032 [新模型无码破解]美亚竟然交男朋友了 10年份的单相思 瞬间爆发 七泽美亚,magnet:?xt=urn:btih:D298FF4824EE9013D3614EC0F83D27D9AB372916,否
MIDE-419,MIDE-419 [新模型无码破解]渔网袜 紫丝 欲望爆发 极限高潮 高桥圣子,magnet:?xt=urn:btih:278BFE6D3E2173FCF9AA9EB7879742929545595B,是
MIDE-201,MIDE-201 [新模型无码破解]无尽不休止的性交高潮 直到身体疯狂痉挛 沖田杏梨,magnet:?xt=urn:btih:B5176A48C00051602343FCF9C028F7E62D6FE14C,否
SNOS-005,SNOS-005 [新模型无码破解]Emiemi 快乐时光 粉丝感谢摄影会 白上咲花,magnet:?xt=urn:btih:FA61CD74F94CF36BEE61D31A8FF8EF768365F857,否
JUR-558,JUR-558 [新模型无码破解]为了让后辈认可 部长让后辈和妻子 两人独处三小时 桃园怜奈,magnet:?xt=urn:btih:205EDC6EF92AF7AD1C4AAF9E16A321AC4F9AD024,否
JUR-512,JUR-512 [新模型无码破解]把女老师睡了 不良学生把我最爱的妻子睡了 水户香奈,magnet:?xt=urn:btih:CD101C88CD87BF756769F1F130DFBCF7BC37F336,否
JUR-050,JUR-050 [新模型无码破解]在远离都市喧嚣的旅途中 偶然遇到了那位已婚的女性 小岛南,magnet:?xt=urn:btih:39D10BF5F17F02529863BE76A900DEC62EB0BED9,否
FSDSS-259,FSDSS-259 [新模型无码破解]想射精了就呼叫我哦 用口交给病人最棒的关怀 桥本有菜,magnet:?xt=urn:btih:D67AE292CB8FC7111C2EA9CC5C42D0F8914605F2,否
MIDA-290,MIDA-290 [新模型无码破解]淫秽恋物癖视频展示丰满无毛阴部的垂直线条 松本一香,magnet:?xt=urn:btih:CA98FDC6FEECC599ED46B518A85039663767599D,否
MIDA-278,MIDA-278 [新模型无码破解]写真偶像的泳装试镜 高潮不止 痉挛失禁 汗湿淋漓 新有菜,magnet:?xt=urn:btih:712C4E31FA621C6CCAC04887ADD2D45D93A37C38,否
DASS-566,DASS-566 [新模型无码破解]潜入搜查官 抵抗媚药快感侵蚀的坚贞女人 橘玛丽,magnet:?xt=urn:btih:7AE782149B7AE9FC16EA0497431ABC381366BEAA,否
CJOD-486,CJOD-486 [新模型无码破解]与裸模老师的一对一不伦授课 乳头激凸硬梆梆 她用那J罩杯 JULIA,magnet:?xt=urn:btih:C4513BF32E51AEC48FBEBB3897003D5296F60A66,否
HMN-763,HMN-763 [新模型无码破解]无法抗拒义妹的美臀内射诱惑 忍不住把脸埋进臀沟狂舔 香水纯,magnet:?xt=urn:btih:DAD827B3CE9BFC0DBB55B4033AAD3736F2875CE8,否
JUR-541,JUR-541 [新模型无码破解]班长的专属秘密 负责风纪的加奈老师的里人格 -日下部加奈,magnet:?xt=urn:btih:507F9B6E25C09CB62CC7A2021E7AED6B3A2334F2,否
IPX-675,IPX-675 [新模型无码破解]出差遇到暴雨和处男部下同房被狂干到清晨 桃乃木香奈,magnet:?xt=urn:btih:63C81FF8B9A6550EDDCAFEE5837643BAB4B096B1,否
IPX-660,IPX-660 [新模型无码破解]不想被发现那就把内裤脱了 偷盗少女 射多少发都不放她走 桃乃木香奈,magnet:?xt=urn:btih:BDE5061D0470CB33ED67284C70E4A8DF1B64F40C,是
IPX-643,IPX-643 [新模型无码破解]替身肉便器射精也射精不完与绝伦黑帮大叔的10天监禁生活 桃乃木香奈,magnet:?xt=urn:btih:F9B65318E40F52AD825EE745308E7CFE3420B85C,是
SNOS-003,SNOS-003 [新模型无码破解]高岭之花的无声侵犯 在旁人近在咫尺的情况下 河北彩伽,magnet:?xt=urn:btih:6E0E74274B5DCB7D384346F43EEE856FB411A1B1,否
IPX-629,IPX-629 [新模型无码破解]礼貌淫语温柔挑逗只穿贴身内衣的回春痴女按摩女郎 桃乃木香奈,magnet:?xt=urn:btih:D2F0E23EBB07FDB983D90FF8816D117774D5A073,否
IPX-614,IPX-614 [新模型无码破解]只向我索取的美少女浓厚接吻 桃乃木香奈,magnet:?xt=urn:btih:1B865CFDD10AB54FA9CB07C1DE2D027C01224DA5,否
IPX-598,IPX-598 [新模型无码破解]以干还干的淫魔狩猎美少女 桃乃木香奈,magnet:?xt=urn:btih:FCB2C6795454DC6CC361019E1B9578CCE65CD723,否
DASS-800,DASS-800 [新模型无码破解]玷污相扑部屋习俗的女记者 沦陷于媚药力水的NTR SEX 橘玛丽,magnet:?xt=urn:btih:5FE1D677952AD3F1FEDABF893774C59E38158030,否
MIDA-361,MIDA-361 [新模型无码破解]看了之后你绝对会欲火中烧 忍不住想要体验那种“生中出”的感觉 新有菜,magnet:?xt=urn:btih:D362F34FC366FA404D7FFE2828A1C8C10A0960CB,否
